07/31/26 10:58:27,Start Time:,1785466707.7,Duration:,10,Time Precision:,4,Time Adjustment:,0,Target Size:,100

Time Offset,AVDD_I,AVDD_P,AVDD_V,CAM_AFVDD2_2V8_I,CAM_AFVDD2_2V8_P,CAM_AFVDD2_2V8_V,CH15_SPM_I,CH15_SPM_P,CH15_SPM_V,CH23_SPM_I,CH23_SPM_P,CH23_SPM_V,ELVDD_I,ELVDD_P,ELVDD_V,EMI_VDD1_DDR_I,EMI_VDD1_DDR_P,EMI_VDD1_DDR_V,EMI_VDD2H_DDR_I,EMI_VDD2H_DDR_P,EMI_VDD2H_DDR_V,EMI_VDD2L_DDR_I,EMI_VDD2L_DDR_P,EMI_VDD2L_DDR_V,EMI_VDDQ_DDR_I,EMI_VDDQ_DDR_P,EMI_VDDQ_DDR_V,FCAM_AVDD_2P8_I,FCAM_AVDD_2P8_P,FCAM_AVDD_2P8_V,FCAM_DVDD_1P05_I,FCAM_DVDD_1P05_P,FCAM_DVDD_1P05_V,FCAM_VCAMIO_I,FCAM_VCAMIO_P,FCAM_VCAMIO_V,MCAM_AVDD_2P8_I,MCAM_AVDD_2P8_P,MCAM_AVDD_2P8_V,MCAM_DVDD_1V1_I,MCAM_DVDD_1V1_P,MCAM_DVDD_1V1_V,OLED_DVDD_I,OLED_DVDD_P,OLED_DVDD_V,OLED_VCI_I,OLED_VCI_P,OLED_VCI_V,OLED_VDDI_I,OLED_VDDI_P,OLED_VDDI_V,SAR_VDD_1P8_I,SAR_VDD_1P8_P,SAR_VDD_1P8_V,System Messages,,TSP_IO_CON_I,TSP_IO_CON_P,TSP_IO_CON_V,UFS_VCC_2V5_UFS_I,UFS_VCC_2V5_UFS_P,UFS_VCC_2V5_UFS_V,VBB1_BOB_I,VBB1_BOB_P,VBB1_BOB_V,VCAMIO_I,VCAMIO_P,VCAMIO_V,VCAMIO_WIDE_I,VCAMIO_WIDE_P,VCAMIO_WIDE_V,VIO18_PMU_6319_I,VIO18_PMU_6319_P,VIO18_PMU_6319_V,VIO18_PMU_6685_I,VIO18_PMU_6685_P,VIO18_PMU_6685_V,VIO18_PMU_A_G_I,VIO18_PMU_A_G_P,VIO18_PMU_A_G_V,VIO18_PMU_FLICKER_I,VIO18_PMU_FLICKER_P,VIO18_PMU_FLICKER_V,VIO18_PMU_HAC_I,VIO18_PMU_HAC_P,VIO18_PMU_HAC_V,VIO18_PMU_M_I,VIO18_PMU_M_P,VIO18_PMU_M_V,VIO18_PMU_PL_I,VIO18_PMU_PL_P,VIO18_PMU_PL_V,VIO18_PMU_REV_I,VIO18_PMU_REV_P,VIO18_PMU_REV_V,VIO18_PMU_SPK_I,VIO18_PMU_SPK_P,VIO18_PMU_SPK_V,VLEDA_PL_I,VLEDA_PL_P,VLEDA_PL_V,VSYS_6685_I,VSYS_6685_P,VSYS_6685_V,VSYS_AVDD_I,VSYS_AVDD_P,VSYS_AVDD_V,VSYS_CHG_I,VSYS_CHG_P,VSYS_CHG_V,VSYS_DVE_I,VSYS_DVE_P,VSYS_DVE_V,VSYS_ELVDD_I,VSYS_ELVDD_P,VSYS_ELVDD_V,VSYS_FLASH_I,VSYS_FLASH_P,VSYS_FLASH_V,VSYS_HAC_I,VSYS_HAC_P,VSYS_HAC_V,VSYS_PVIN_I,VSYS_PVIN_P,VSYS_PVIN_V,VSYS_REV_I,VSYS_REV_P,VSYS_REV_V,VSYS_SPK_I,VSYS_SPK_P,VSYS_SPK_V,VSYS_VIB_I,VSYS_VIB_P,VSYS_VIB_V,VTP_PMU_I,VTP_PMU_P,VTP_PMU_V,VUFS12_PMU_I,VUFS12_PMU_P,VUFS12_PMU_V,WCAM_AVDD_2P8_I,WCAM_AVDD_2P8_P,WCAM_AVDD_2P8_V,WIDE_DVDD_1P2_I,WIDE_DVDD_1P2_P,WIDE_DVDD_1P2_V
,EPM1612.0,EPM1612.0P,EPM1613.0,EPM1584.0,EPM1584.0P,EPM1585.0,EPM1638.0,EPM1638.0P,EPM1639.0,EPM1642.0,EPM1642.0P,EPM1643.0,EPM1548.0,EPM1548.0P,EPM1549.0,EPM1602.0,EPM1602.0P,EPM1603.0,EPM1580.0,EPM1580.0P,EPM1581.0,EPM1570.0,EPM1570.0P,EPM1571.0,EPM1538.0,EPM1538.0P,EPM1539.0,EPM1586.0,EPM1586.0P,EPM1587.0,EPM1650.0,EPM1650.0P,EPM1651.0,EPM1618.0,EPM1618.0P,EPM1619.0,EPM1614.0,EPM1614.0P,EPM1615.0,EPM1552.0,EPM1552.0P,EPM1553.0,EPM1582.0,EPM1582.0P,EPM1583.0,EPM1644.0,EPM1644.0P,EPM1645.0,EPM1550.0,EPM1550.0P,EPM1551.0,EPM1652.0,EPM1652.0P,EPM1653.0,serverMessages,,EPM1544.0,EPM1544.0P,EPM1545.0,EPM1634.0,EPM1634.0P,EPM1635.0,EPM1600.0,EPM1600.0P,EPM1601.0,EPM1646.0,EPM1646.0P,EPM1647.0,EPM1648.0,EPM1648.0P,EPM1649.0,EPM1536.0,EPM1536.0P,EPM1537.0,EPM1572.0,EPM1572.0P,EPM1573.0,EPM1558.0,EPM1558.0P,EPM1559.0,EPM1654.0,EPM1654.0P,EPM1655.0,EPM1606.0,EPM1606.0P,EPM1607.0,EPM1620.0,EPM1620.0P,EPM1621.0,EPM1590.0,EPM1590.0P,EPM1591.0,EPM1542.0,EPM1542.0P,EPM1543.0,EPM1636.0,EPM1636.0P,EPM1637.0,EPM1622.0,EPM1622.0P,EPM1623.0,EPM1604.0,EPM1604.0P,EPM1605.0,EPM1578.0,EPM1578.0P,EPM1579.0,EPM1568.0,EPM1568.0P,EPM1569.0,EPM1610.0,EPM1610.0P,EPM1611.0,EPM1640.0,EPM1640.0P,EPM1641.0,EPM1556.0,EPM1556.0P,EPM1557.0,EPM1576.0,EPM1576.0P,EPM1577.0,EPM1546.0,EPM1546.0P,EPM1547.0,EPM1574.0,EPM1574.0P,EPM1575.0,EPM1632.0,EPM1632.0P,EPM1633.0,EPM1588.0,EPM1588.0P,EPM1589.0,EPM1608.0,EPM1608.0P,EPM1609.0,EPM1540.0,EPM1540.0P,EPM1541.0,EPM1554.0,EPM1554.0P,EPM1555.0,EPM1616.0,EPM1616.0P,EPM1617.0
0.06,14.885,110.0616,7394.125,-0.02,-0,1.5,-0.0275,-0.0001,2,-0.0375,-0.0001,1.75,8.1025,37.2786,4600.875,2.13,3.8401,1802.875,9.03,9.53,1055.375,3.85,3.5651,926,2.4,1.212,505,0.0125,0,2.875,0.03,0,0.875,0.0625,0.1138,1820.625,0.0325,0,1.125,-0.75,-0.0008,1.125,49.5325,64.2437,1297,0.0525,0.1558,2966.875,7.27,13.066,1797.25,-0.005,-0.0091,1817,,,1.9025,3.4269,1801.25,-0.1,-0.1361,1360.875,13.3,46.6015,3503.875,0.035,0.0637,1818.75,0.005,0.0091,1822.25,10799.3,19052.665,1764.25,2,3.6393,1819.625,0.1975,0.3595,1820.375,0.0225,0.0409,1818.375,0.35,0.6374,1821.25,693.1525,1211.7172,1748.125,0.1275,0.2322,1821,-0.005,-0.0091,1821,-0.1,-0.1818,1818.125,0,0,3298.125,0.7,2.7636,3948,29.83,117.6607,3944.375,125.6,496.1357,3950.125,0.9375,3.699,3945.625,10.81,42.6225,3942.875,0.0775,0.3057,3944.375,-0.4,-1.5786,3946.375,2.9325,11.5742,3946.875,0.45,1.7766,3948,0,0,3948,0.0125,0.0493,3947.75,0.24,0.7926,3302.5,0.2325,0.2798,1203.625,-0.005,-0,2,0,0,1.625
0.156,14.6225,108.1133,7393.625,0.0225,0,0.75,0.0075,0,4.125,-0.03,-0.0001,1.75,8.075,37.147,4600.25,1.75,3.1539,1802.25,8.0825,8.5038,1052.125,2.75,2.5341,921.5,0.85,0.4301,506,-0.015,-0,1.375,-0.0475,-0.0001,2,0.005,0.0091,1820.375,-0.0075,-0,1.375,-0.45,-0.0006,1.25,50.8875,66.0393,1297.75,0.055,0.1631,2964.75,7.71,13.8558,1797.125,0.005,0.0091,1817.375,,,0.4425,0.798,1803.5,0.0025,0.0002,92.5,3.1,10.8829,3510.625,0.0075,0.0136,1819.375,0.0475,0.0865,1820.5,10799.5,19030.0689,1762.125,2.5,4.5444,1817.75,0.215,0.3912,1819.625,-0.0275,-0.05,1819.25,-0.85,-1.5472,1820.25,692.71,1209.0387,1745.375,0.225,0.4096,1820.375,-0.0025,-0.0046,1821.25,0.25,0.4544,1817.5,0.0025,0.0083,3301.125,-0.05,-0.1975,3949,26.0575,102.8196,3945.875,116.05,458.4555,3950.5,0.87,3.4354,3948.75,10.73,42.3527,3947.125,-0.045,-0.1777,3949,0.2,0.7907,3953.5,3.04,12.0046,3948.875,0.25,0.9876,3950.25,0.35,1.3827,3950.5,0.065,0.2564,3945,0.23,0.7599,3303.75,0.3075,0.3702,1204,0.0075,0,1.125,-0.0075,-0,1.25
0.252,16.635,,7396,0.0025,,2,-0.075,,2.625,-0.0225,,0.5,8.0875,,4599,2.2775,,1800.625,8.7325,,1051.5,4.2,,922.75,1.45,,503.75,0.015,,1.625,-0.005,,0.75,-0.015,,1821.875,0.04,,1.125,-1,,0.75,53.755,,1297,0.0625,,2966.25,7.7475,,1797.25,-0.035,,1814.375,,,1.7925,,1801.625,-0.0175,,9.25,3.9,,3510.75,0.03,,1817.875,0.015,,1821.125,10798.95,,1763.5,1.75,,1820.375,0.2125,,1819.125,0.07,,1819.75,0.2,,1820.875,691.39,,1746.875,0.065,,1822.875,0.0175,,1822.125,-0.1,,1818.25,-0.0025,,3296.25,0.65,,3947.625,33.55,,3945.25,122.85,,3949.375,0.9225,,3945.125,10.8075,,3944.25,0.0825,,3947.25,-0.2,,3945.375,3.0875,,3946.25,0.25,,3939.875,0.5,,3946.625,0.0275,,3947.375,2.7925,,3303.625,0.3575,,1206.25,0.0025,,2.25,0,,0.75
0.348,14.7825,,7395.875,-0.015,,2.875,-0.0425,,1.375,-0.03,,1.875,8.05,,4599.875,1.81,,1801.375,8.82,,1055.625,4.25,,921.125,1.25,,504.375,0.005,,1.875,0.015,,2.5,0.0175,,1820.625,0.02,,1.125,0.2,,0.875,50.5575,,1298.125,0.045,,2969.125,7.77,,1797.25,0.0225,,1816.25,,,1.71,,1801.5,0.015,,2.375,5.25,,3510.125,0.03,,1818.375,0.055,,1822,10798.25,,1763,1.8,,1818.25,0.205,,1818.625,0.035,,1821,0.7,,1819.5,692.385,,1748.25,0.2075,,1822.75,0.0025,,1822.75,0.9,,1817.5,0.0225,,3297.5,0.35,,3950.375,29.595,,3949.125,110.7,,3950.875,0.865,,3950.375,10.8075,,3947.375,0.045,,3947.75,-1.1,,3949.5,3.1175,,3950.875,0.55,,3948.125,0.25,,3949.625,0.055,,3946,0.44,,3303.125,0.2975,,1205.125,-0.035,,0.75,-0.04,,0.875
0.444,12.5425,92.7534,7395.125,-0.0075,-0,1.25,0.01,0,1.375,-0.0475,-0.0001,1.875,8.065,37.0708,4596.5,1.9575,3.5296,1803.125,6.355,6.7037,1054.875,3.9,3.589,920.25,1.95,0.9857,505.5,0.0275,0,0.75,0.0275,0.0001,1.875,0.0475,0.0865,1821.5,0.01,0,1.625,-0.6,-0.0016,2.625,45.6325,59.2652,1298.75,0.0925,0.2745,2967.375,6.84,12.2992,1798.125,0.005,0.0091,1818.125,,,0.7025,1.2665,1802.875,0.0075,0,1.375,10.1,35.4636,3511.25,-0.005,-0.0091,1818.25,0.06,0.1092,1819.875,10799.3,19036.4661,1762.75,1.9,3.4566,1819.25,0.225,0.4092,1818.625,0.055,0.0999,1816.75,0.7,1.2751,1821.5,692.3725,1209.8344,1747.375,0.235,0.4277,1820,0.01,0.0182,1818.125,-0.15,-0.2728,1818.875,0.025,0.0824,3296,1.65,6.5134,3947.5,25.685,101.4076,3948.125,123.35,487.325,3950.75,0.8925,3.524,3948.5,10.8775,42.9512,3948.625,-0.015,-0.0593,3950.375,0.05,0.1975,3950,2.7175,10.7416,3952.75,0.2,0.7898,3949.125,-0.75,-2.963,3950.625,0.075,0.2961,3947.5,0.23,0.7597,3303,0.315,0.3801,1206.75,-0.015,-0,2.75,0.0275,0,1.375
0.54,14.995,110.8655,7393.5,-0.01,-0,1.125,-0.0275,-0.0001,2.25,-0.0525,-0,0.75,8.045,37.001,4599.25,1.845,3.3242,1801.75,8.02,8.4471,1053.25,3.15,2.9051,922.25,1.5,0.7596,506.375,0,0,0.75,-0.0075,-0,0.75,0.005,0.0091,1822.5,-0.01,-0,0.25,-0.25,-0.0004,1.75,53.245,69.2185,1300,0.045,0.1336,2969.125,7.685,13.8051,1796.375,-0.0125,-0.0227,1816.25,,,1.9875,3.5812,1801.875,0.025,0,1.375,10.15,35.5567,3503.125,0.0375,0.0682,1817.375,0.02,0.0364,1820.25,10798.65,19044.7691,1763.625,2.15,3.9095,1818.375,0.1925,0.3499,1817.5,0.005,0.0091,1820.625,-0.6,-1.0926,1821,691.81,1208.6785,1747.125,0.0625,0.1138,1821.375,0.0125,0.0228,1820.375,0.85,1.5457,1818.5,0.03,0.0987,3289.375,1.1,4.3406,3946,29.7225,117.3073,3946.75,112.15,443.0626,3950.625,0.8575,3.3853,3947.875,10.71,42.2777,3947.5,0.0275,0.1085,3946.875,0.95,3.7508,3948.25,2.9625,11.7067,3951.625,0.35,1.3826,3950.25,1.2,4.7409,3950.75,0.0175,0.0691,3947.125,0.2625,0.8669,3302.625,0.3,0.3616,1205.25,-0.025,-0,1.75,0.005,0,0.75
0.636,13.365,98.8141,7393.5,-0.005,-0,0,-0.0625,-0.0001,1.375,-0.065,-0.0002,2.375,8.105,37.2627,4597.5,1.83,3.297,1801.625,8.6375,9.1018,1053.75,2.85,2.6266,921.625,2.1,1.0618,505.625,-0.0225,-0,1.375,0.015,0,1.625,0.0225,0.041,1820.75,-0.0175,-0,1.75,0.45,0.0006,1.375,52.0275,67.6878,1301,0.065,0.1929,2967.875,7.6625,13.7724,1797.375,0.015,0.0273,1817.75,,,1.9575,3.5269,1801.75,-0.01,-0,1,5.2,18.2468,3509,0.025,0.0455,1819.125,-0.005,-0.0091,1821.25,10798.55,19028.3949,1762.125,1.75,3.1859,1820.5,0.21,0.3821,1819.5,-0.0075,-0.0136,1815.875,0.4,0.7276,1819,692.1275,1209.3198,1747.25,0.215,0.3913,1819.875,0.0475,0.0864,1818.5,0.15,0.2728,1818.75,0.0225,0.0742,3299.75,1.6,6.3202,3950.125,25.6975,101.5019,3949.875,116.6,460.4971,3949.375,0.89,3.5164,3951,10.845,42.8445,3950.625,0.02,0.079,3950.375,0.05,0.1975,3950,3.125,12.3516,3952.5,1.05,4.1474,3949.875,1,3.9485,3948.5,0.0575,0.2271,3949.875,2.4475,8.0853,3303.5,0.27,0.3254,1205,-0.01,-0,2.125,0,0,1.625
0.732,17.13,126.6656,7394.375,-0.0325,-0,1.5,-0.03,-0.0001,2.875,-0.02,-0,0.25,8.06,37.0659,4598.75,2.4025,4.3299,1802.25,7.875,8.3012,1054.125,4.55,4.1894,920.75,1,0.5069,506.875,-0.0125,-0,2.25,0.0175,0,0.75,0.015,0.0273,1820.5,0.0125,0,1.375,0.15,0.0001,0.5,55.875,72.5746,1298.875,0.1075,0.3191,2968.625,8.62,15.4955,1797.625,0.015,0.0272,1816.375,,,1.5175,2.7345,1802,-0.06,-0,0.75,3.8,13.3456,3512,0.0575,0.1045,1817.25,0.0775,0.1411,1820.625,10798.5,19045.8544,1763.75,1.65,3.0024,1819.625,0.1925,0.3503,1819.75,0.0075,0.0137,1820.125,-0.2,-0.3638,1819.125,691.4725,1208.8668,1748.25,0.16,0.2909,1817.875,-0,-0,1820.375,1.2,2.1828,1819,0.0125,0.0412,3294.5,0.1,0.3948,3947.625,34.4025,135.6878,3944.125,123.95,489.4011,3948.375,0.925,3.6512,3947.25,10.7175,42.2859,3945.5,-0.005,-0.0197,3947.125,0.7,2.7622,3946,3.0375,11.9852,3945.75,0.4,1.5789,3947.25,0.3,1.1847,3948.875,0.04,0.1579,3947.25,0.37,1.2221,3303,0.3625,0.4376,1207.125,-0.0275,-0,0.5,-0.005,-0,1.125
0.828,14.7425,,7393.75,-0.035,,1.75,-0.0325,,2,-0.07,,3,8.1075,,4596.25,2.275,,1802.625,8.9075,,1055.125,3,,919,1.2,,505.5,-0.015,,0.75,0.0225,,1.375,0.0425,,1821.125,0.01,,0.625,-0.6,,1.125,49.77,,1300.875,0.0875,,2967.5,7.7375,,1795.75,0.0175,,1817.75,,,2.985,,1800.875,0.0275,,1.25,4.35,,3508.5,0.035,,1817.625,0.04,,1820.75,10798.9,,1764.375,3.1,,1820,0.2,,1820,0.0125,,1818.125,-0.15,,1822.625,692.2675,,1748.875,0.135,,1820.25,0.005,,1819.75,-0.2,,1818.25,7.7275,,3294.5,1.15,,3946.25,26.2375,,3946,122.85,,3946.5,0.8475,,3949,10.835,,3947.375,0.06,,3945.25,0.15,,3948.375,2.885,,3948.25,0.15,,3950.75,0.95,,3946.75,0.025,,3945.875,0.2375,,3303.625,0.29,,1205.875,-0.0125,,1.625,-0.0025,,0.875
0.924,13.3925,99.0241,7394,-0.02,-0,1.375,-0.045,-0,1,-0.0175,-0,1.625,8.08,37.17,4600.25,2.0525,3.6976,1801.5,7.43,7.8359,1054.625,2.75,2.5376,922.75,0.75,0.3785,504.625,-0.0075,-0,1.625,-0.0325,-0.0001,2.5,0.0225,0.0409,1819.25,-0.005,-0,0.5,-0.25,-0.0007,2.75,46.84,60.9037,1300.25,0.0925,0.2744,2966.75,6.87,12.3462,1797.125,0.0375,0.0681,1817.125,,,0.715,1.2873,1800.375,0.02,0,1.5,8.6,30.1881,3510.25,-0.0275,-0.05,1817.5,0.015,0.0273,1821.5,10798.5,19044.5046,1763.625,1.8,3.2733,1818.5,0.1575,0.2866,1819.5,0,0,1819.75,-0.05,-0.0911,1821.25,692.18,1209.1519,1746.875,0.245,0.4461,1820.875,0.04,0.0728,1820,-0.05,-0.0909,1818.75,6.01,19.8135,3296.75,1.15,4.5392,3947.125,28.79,113.6701,3948.25,120.15,474.7877,3951.625,0.855,3.3755,3948,10.755,42.4513,3947.125,0.035,0.1383,3951.125,-0.55,-2.1717,3948.5,2.99,11.8098,3949.75,0,0,3948.375,-0.25,-0.9884,3953.5,0.0325,0.1283,3948.25,0.2325,0.7683,3304.625,0.325,0.3923,1207,-0.0025,-0,2.125,0.0125,0,0.75
1.02,14.795,109.4035,7394.625,0.01,0,1.125,-0.0225,-0,0.875,-0.0575,-0.0002,2.875,8.0225,36.8814,4597.25,2.04,3.6789,1803.375,9.925,10.4547,1053.375,3.65,3.3603,920.625,2,1.0077,503.875,0.005,0,1.75,0.0125,0,0.75,-0.0075,-0.0137,1820.875,0.0025,0,1.5,-1,-0.0003,0.25,49.3725,64.0793,1297.875,0.1025,0.3042,2968.25,7.7325,13.8943,1796.875,0.0075,0.0136,1816.125,,,2.3975,4.317,1800.625,0,0,1.375,7.2,25.245,3506.25,0.0275,0.05,1818,0.025,0.0455,1819.625,10799.85,19037.4356,1762.75,1.95,3.5463,1818.625,0.1725,0.3138,1819.125,0.04,0.0728,1820.125,-0.3,-0.5462,1820.5,691.985,1208.5518,1746.5,0.1075,0.1956,1819.75,0.0175,0.0319,1820.875,0.05,0.091,1820.375,0.0375,0.1237,3298.5,0.7,2.762,3945.75,29.81,117.6079,3945.25,124.7,492.3468,3948.25,0.8575,3.3836,3945.875,10.8925,42.9764,3945.5,-0.025,-0.0986,3945.875,-0.05,-0.1973,3946.25,3.23,12.7452,3945.875,0.3,1.1832,3944.125,0.4,1.5788,3946.875,-0.0425,-0.1677,3946.125,1.6,5.283,3301.875,0.3025,0.3652,1207.125,-0.0325,-0,0.75,0.0425,0,0.75
1.116,13.005,96.1655,7394.5,-0.0075,-0,1.375,0.005,0,1.5,-0.0125,-0,0.25,8.05,37.0209,4598.875,2.36,4.2548,1802.875,10.515,11.0828,1054,5,4.6081,921.625,1.05,0.5312,505.875,0.0175,0,0.75,0.01,0,1.375,0.005,0.0091,1820.875,0.005,0,1.5,0.15,0.0003,2,46.4425,60.294,1298.25,0.06,0.178,2966.25,6.8525,12.3285,1799.125,0.0325,0.0591,1817.25,,,0.7575,1.3653,1802.375,-0.045,-0,0.75,10.25,35.9391,3506.25,0,0,1819.375,0.0375,0.0683,1822,10799.6,19034.295,1762.5,2.5,4.5394,1815.75,0.2,0.364,1820,-0.0075,-0.0136,1816.875,0.1,0.1819,1819.375,691.81,1208.8515,1747.375,0.1775,0.323,1819.875,-0.03,-0.0547,1822.25,-0.45,-0.8181,1818,0.03,0.099,3300.625,0.5,1.9718,3943.625,28.4,112.0096,3944,128.6,507.2627,3944.5,0.8925,3.5217,3945.875,10.9275,43.0953,3943.75,-0.005,-0.0197,3945.5,-0.05,-0.1973,3945.125,2.8525,11.2531,3945,-0.7,-2.759,3941.375,0.25,0.9858,3943.125,0.0625,0.2465,3944.75,0.245,0.8087,3300.875,0.2725,0.3289,1206.875,-0.0025,-0,1.875,0.0275,0,0.75
1.212,17.07,126.2177,7394.125,-0.02,-0,1.75,-0.025,-0,1.625,-0.0325,-0.0001,1.875,7.98,36.694,4598.25,2.365,4.2629,1802.5,11.7025,12.3461,1055,5.8,5.3331,919.5,1.9,0.9621,506.375,0.0025,0,0.75,0.0175,0,1.125,0.0125,0.0228,1822.375,0.0275,0,0.875,-0.15,-0.0003,1.75,62.2725,80.7519,1296.75,0.09,0.2673,2970.125,8.575,15.4329,1799.75,0.01,0.0182,1818,,,1.34,2.411,1799.25,-0.0025,-0,0.5,5,17.5475,3509.5,0.0375,0.0682,1817.625,0.0125,0.0228,1821.375,10799.55,19043.6565,1763.375,2.45,4.4556,1818.625,0.1875,0.3412,1819.5,0.0025,0.0045,1818.125,-0.5,-0.9106,1821.25,691.385,1208.4546,1747.875,0.1625,0.2957,1819.5,0.0175,0.0318,1818.375,0.35,0.6363,1818.125,0.0275,0.0906,3296,0.8,3.1554,3944.25,34.2525,134.9977,3941.25,119.35,471.1938,3948,0.8775,3.4636,3947.125,10.695,42.1704,3943,0.06,0.2367,3944.25,0,0,3945.25,3.1475,12.4161,3944.75,0.7,2.763,3947.125,-0.05,-0.1974,3948.75,0.035,0.138,3942.875,0.565,1.8657,3302.125,0.29,0.3497,1206,-0.0075,-0,2.125,0.0275,0,1
1.308,12.7775,,7395.25,-0.035,,1.875,-0.035,,1,-0.0475,,1,8.04,,4601.75,1.91,,1801.5,8.95,,1054.375,2.1,,920.25,1.65,,504.875,0.0275,,1.125,0.0025,,0.5,0.0375,,1822.125,-0.025,,1.375,0.05,,1.25,44.835,,1298.875,0.0225,,2968,6.905,,1796.25,0.025,,1815.25,,,1.86,,1800,-0.04,,1.375,5.6,,3509.625,0.01,,1818.375,-0.0025,,1821.75,10798.75,,1763.375,0.9,,1819.625,0.2025,,1817.375,-0.0175,,1817.875,0.6,,1820.625,692.185,,1745.5,0.0825,,1820.25,-0.0375,,1818.75,-0.1,,1818.75,0,,3293,0.6,,3946.875,26.29,,3951.125,119.3,,3949.875,0.8925,,3952.25,10.86,,3949.375,0.035,,3949.625,0.2,,3948.25,2.7275,,3952.125,1.15,,3950.75,0.9,,3951.875,0.065,,3949.75,1.365,,3302.125,0.3975,,1204.375,0.02,,2,-0.0225,,1
1.404,14.7275,,7393.375,0.0075,,2.25,-0.0375,,1.375,-0.0275,,1.625,8.015,,4596.625,2.065,,1802.75,7.2175,,1055.5,3.8,,922.25,1.55,,505.25,0.015,,1.625,0,,1.625,-0.0025,,1820.25,-0.0025,,0.875,-0.3,,2,55.075,,1299.125,0.045,,2969,7.6475,,1796.625,0.0325,,1817,,,1.25,,1802.75,-0.01,,1.375,8.35,,3510.125,0.0225,,1817.125,0.03,,1821.625,10798.75,,1762.625,1.45,,1819.875,0.1725,,1818.125,0.035,,1819,0.1,,1820.125,691.9425,,1747.5,0.2275,,1817.25,0.04,,1816.875,0.35,,1817.75,0.0325,,3301.875,0.35,,3950.25,29.53,,3947.25,115,,3951.875,0.8625,,3949.5,10.785,,3948.375,0.0125,,3948.875,-0.15,,3949.875,2.8025,,3950.625,0.15,,3947.125,1.3,,3951.625,0.0325,,3950.875,0.22,,3302.75,0.345,,1206.125,0.0225,,2.375,0.0225,,0.875
1.5,13.0825,96.7042,7391.875,-0.0475,-0.0001,1.125,-0.01,-0,2.5,-0.03,-0,1.125,8.08,37.1579,4598.75,1.9475,3.5099,1802.25,9.835,10.3735,1054.75,3.1,2.8578,921.875,1.4,0.7098,507,-0.015,-0,1.25,0.005,0,1.625,-0.0125,-0.0228,1822,-0.0325,-0,0.625,-0.1,-0.0001,0.5,49.905,64.7954,1298.375,0.0775,0.2298,2965.25,7.71,13.8414,1795.25,0.035,0.0636,1818.375,,,1.57,2.8244,1799,0,0,1.125,8.1,28.4118,3507.625,0.03,0.0545,1816.75,-0.025,-0.0455,1819.75,10798.5,19033.7061,1762.625,1.85,3.3656,1819.25,0.2125,0.3863,1818,0,0,1816,-0.5,-0.9109,1821.875,691.34,1208.1167,1747.5,0.17,0.3092,1818.875,0.0125,0.0227,1819.875,0.25,0.4542,1816.875,0.0225,0.0742,3298.5,0.85,3.3568,3949.125,27.0575,106.7452,3945.125,118.5,467.8232,3947.875,0.8875,3.5046,3948.875,10.9025,43.0499,3948.625,0.0375,0.148,3947.5,0.15,0.5925,3950.125,2.8675,11.3227,3948.625,0.35,1.3816,3947.5,0.55,2.1715,3948.125,0.04,0.1578,3945.75,1.165,3.8462,3301.5,0.3425,0.4132,1206.375,-0.02,-0,1.125,-0.0175,-0,1.25
1.596,14.565,107.6845,7393.375,0.045,0,0.5,-0.0375,-0.0001,1.375,-0.0125,-0,1.5,8.0825,37.1563,4597.125,2.18,3.9295,1802.5,8.52,8.9971,1056,4.4,4.0552,921.625,1.4,0.7077,505.5,0,0,1.875,0.015,0,0.625,0.035,0.0637,1820.375,0.0025,0,1.125,0.65,0.0005,0.75,46.4325,60.1881,1296.25,0.055,0.1632,2967.125,6.905,12.41,1797.25,0.015,0.0273,1817.875,,,0.715,1.2866,1799.375,-0.0375,-0.0001,1.625,4.9,17.188,3507.75,-0.0075,-0.0136,1818.75,0.0175,0.0319,1820.625,10798.35,19028.0425,1762.125,1.9,3.4523,1817,0.215,0.3915,1821.125,0,0,1816,-0.15,-0.273,1820.25,692.0975,1209.1808,1747.125,0.1325,0.2412,1820.625,-0.035,-0.0636,1818.25,-0.6,-1.0918,1819.625,0.0275,0.0907,3298.25,-0.1,-0.3948,3948.25,29.7075,117.2221,3945.875,119.4,471.5255,3949.125,0.89,3.5138,3948.125,10.7275,42.3334,3946.25,0.05,0.1975,3949.875,-0.7,-2.7634,3947.75,2.6025,10.276,3948.5,0.5,1.9753,3950.625,-0.7,-2.7627,3946.75,0.01,0.0395,3949,0.2175,0.7181,3301.75,0.3425,0.4128,1205.25,0.005,0,1.125,0.0025,0,1.375
1.692,16.93,125.172,7393.5,-0.05,-0,0.5,0.0025,0,0.5,-0.045,-0.0001,2.75,7.995,36.767,4598.75,1.8625,3.359,1803.5,8.5525,8.9972,1052,3.85,3.5444,920.625,0.9,0.4551,505.625,-0.0075,-0,1.75,0.045,0.0001,2.125,-0,-0,1821.375,0.01,0,2,-0.6,-0.0008,1.375,58.3925,75.6402,1295.375,0.0625,0.1852,2963.625,8.575,15.4018,1796.125,0.035,0.0636,1818.125,,,2.5225,4.5421,1800.625,-0.03,-0.0001,1.875,4.1,14.3895,3509.625,-0.0225,-0.0409,1818.875,0.025,0.0455,1821.25,10799.3,19045.9155,1763.625,1.7,3.0965,1821.5,0.1625,0.2958,1820.125,0.03,0.0545,1816.25,-0.35,-0.6367,1819.25,691.355,1207.5379,1746.625,0.2175,0.3951,1816.5,0.0475,0.0864,1819.125,-0.35,-0.6367,1819.25,0.0525,0.1732,3298.5,1.15,4.5396,3947.5,33.89,133.7045,3945.25,114.6,452.5124,3948.625,0.875,3.4542,3947.625,10.8,42.6236,3946.625,-0.0425,-0.1677,3945.625,0,0,3947.5,2.8825,11.3841,3949.375,-0.1,-0.3949,3949.25,0.35,1.3824,3949.75,0.04,0.1577,3943,2.655,8.7715,3303.75,0.3175,0.3827,1205.375,-0.005,-0,1.125,0.0075,0,1.125
1.788,13.6375,,7393.25,0.02,,1.25,-0.02,,2.375,-0.0425,,1.625,8.065,,4599.875,2.1175,,1802.875,9.4675,,1055.5,4.95,,919.25,1.95,,504.375,-0.01,,1.75,-0.035,,0.75,0.0225,,1820.375,-0.005,,1.875,0.1,,2,44.855,,1298.75,0.07,,2968.25,6.8825,,1797.75,-0.015,,1817.625,,,0.41,,1800.25,-0.0225,,1.375,4.15,,3509.125,0.065,,1818.5,0.02,,1821.125,10798.05,,1761.875,2.2,,1819,0.1925,,1818.75,-0.0075,,1817,-0.1,,1820.625,692.585,,1748.625,0.0825,,1821.625,0.0375,,1819.5,0.45,,1820.875,0.03,,3295.875,1.05,,3947.75,29.1225,,3946.75,118.2,,3950.5,0.8225,,3949.375,10.9275,,3946.5,0.0525,,3951.375,-0.35,,3949.25,3.075,,3949.75,0,,3947.75,0.55,,3950.75,0.0825,,3947.75,0.215,,3304.625,0.3625,,1205.625,0.0175,,1.375,-0.005,,0.75
1.884,14.6825,,7395.625,-0.0125,,1,-0.03,,1.5,-0.0375,,0.75,7.965,,4599.75,2.4275,,1802.25,9.155,,1054.625,4.1,,921.625,1.7,,505.625,-0,,1.375,0.0025,,1,0.045,,1820,-0.005,,0.25,-0.4,,1.125,52.335,,1297.75,0.0625,,2967.125,7.705,,1797,0.0375,,1816.125,,,0.74,,1801.25,0.0125,,0.625,5.55,,3507.375,0.015,,1818.375,0.005,,1821.5,10799.6,,1763.25,2.1,,1819.5,0.1825,,1817.875,0.0275,,1816.75,0.45,,1820.5,692.3325,,1749.875,0.175,,1819.25,0.02,,1821.75,0.2,,1820,0,,3298.5,1.5,,3949.75,29.55,,3949.625,112.55,,3951,0.865,,3949.25,10.8825,,3947.625,0.0625,,3947.625,-0.2,,3950.375,2.9425,,3950.5,0.3,,3948.375,0.55,,3950.75,0.0525,,3948.375,0.28,,3304.375,0.3325,,1208.25,0.03,,1,-0.0225,,2.25
1.98,12.9225,95.5651,7395.25,0,0,0.5,-0.0075,-0,1.25,-0,-0,1.5,8.1,37.2509,4598.875,1.96,3.5309,1801.5,7.4,7.8098,1055.375,4.9,4.5239,923.25,0.95,0.4793,504.5,-0.015,-0,2.875,0.015,0,0.75,-0.0125,-0.0228,1820.5,0.01,0,1.125,0.4,0.0008,2,44.38,57.5997,1297.875,0.03,0.089,2966.75,7.335,13.1801,1796.875,0.03,0.0545,1816.875,,,1.81,3.2596,1800.875,-0.0125,-0,1.375,6.2,21.7558,3509,0.01,0.0182,1818.875,-0.0025,-0.0045,1819.5,10799.05,19041.4249,1763.25,2.25,4.0942,1819.625,0.245,0.4453,1817.5,0.0075,0.0137,1820.125,-1.15,-2.093,1820,692.355,1210.2365,1748,0.205,0.3732,1820.5,0.0825,0.1501,1819.25,-0.05,-0.0909,1817.75,0.0475,0.1567,3299.25,1.4,5.5296,3949.75,25.81,101.9301,3949.25,116.35,459.4371,3948.75,0.86,3.3966,3949.5,10.93,43.1639,3949.125,0.035,0.1382,3949.625,-1.05,-4.1475,3950,2.785,11.0039,3951.125,0.75,2.9605,3947.375,0.15,0.5922,3948.25,0.035,0.1382,3949.75,1.0275,3.3937,3302.875,0.275,0.3311,1203.875,0.035,0,0.25,-0.015,-0,0.625
2.076,14.765,109.1521,7392.625,-0.05,-0,0.25,-0.025,-0.0001,3.25,-0.0375,-0,1.125,8.03,36.941,4600.375,1.945,3.5027,1800.875,10.345,10.9075,1054.375,3.2,2.9504,922,2.3,1.1601,504.375,0.0025,0,1.125,-0.015,-0,1.375,0.02,0.0364,1820.75,-0.0125,-0,0.5,-0.15,-0.0001,0.875,54.8525,71.1985,1298,0.08,0.2373,2966.5,7.6725,13.8019,1798.875,0.04,0.0726,1816,,,1.885,3.3961,1801.625,0.005,0,1,4.75,16.6731,3510.125,0.0575,0.1045,1817.5,0.055,0.1,1819,10798.7,19038.1081,1763,1.5,2.7253,1816.875,0.1575,0.2861,1816.75,0.0475,0.0864,1818.75,0.15,0.2728,1818.875,691.8975,1208.9179,1747.25,0.055,0.1,1818.125,0.0225,0.0409,1818.375,-0.45,-0.8189,1819.875,0.0075,0.0247,3295.375,0.85,3.358,3950.625,29.33,115.8352,3949.375,116.15,458.7199,3949.375,0.84,3.3167,3948.5,10.6925,42.2287,3949.375,-0.005,-0.0197,3947.875,0.55,2.1713,3947.875,3.085,12.178,3947.5,0.6,2.3678,3946.25,0.25,0.9869,3947.5,0.0675,0.2664,3946.625,4.5475,15.0227,3303.5,0.3125,0.3764,1204.625,0.04,0.0001,1.875,0.005,0,1.25
2.172,17.065,126.1295,7391.125,-0.0425,-0,1.125,-0.045,-0.0001,2.125,-0.0375,-0,1.125,8.04,36.9729,4598.625,2.1275,3.8306,1800.5,8.8325,9.3172,1054.875,4.05,3.7346,922.125,1.6,0.807,504.375,-0.03,-0,0.75,-0.01,-0,1.25,-0.025,-0.0455,1821.625,0.03,0,1.375,-0.6,-0.0006,1,59.8825,77.72,1297.875,0.08,0.2374,2967.875,8.565,15.3892,1796.75,0.01,0.0182,1816.5,,,1.8275,3.2934,1802.125,-0.0025,-0,0.5,4.85,17.0156,3508.375,0.0475,0.0863,1816.5,0.03,0.0546,1820.625,10799.45,19056.9795,1764.625,2.2,4.0002,1818.25,0.15,0.2726,1817.625,0.0375,0.0681,1817,-0.35,-0.6369,1819.625,691.7475,1210.2987,1749.625,0.23,0.4185,1819.375,0.0325,0.0592,1821.875,0.15,0.2728,1818.5,0.0175,0.0577,3299.5,0.7,2.7635,3947.875,31.3575,123.7602,3946.75,117.95,465.7993,3949.125,0.88,3.4707,3944,10.865,42.8801,3946.625,0.02,0.0789,3942.75,-1.05,-4.1429,3945.625,2.9025,11.4587,3947.875,0.05,0.1974,3948.25,0.25,0.9873,3949.25,0.0675,0.2663,3944.625,0.2125,0.7016,3301.625,0.3,0.3615,1205.125,0,0,2.625,0.01,0,0.5
2.268,14.915,110.2964,7395,-0.025,-0,1.875,-0.0375,-0.0001,1.625,-0.015,-0,1.375,8.0825,37.1714,4599,2.255,4.0652,1802.75,7.825,8.2485,1054.125,3.15,2.8996,920.5,1.2,0.6055,504.625,-0.005,-0,0.875,-0.0325,-0,0.5,0.065,0.1184,1821.75,-0.025,-0,1.125,-0.15,-0.0002,1.125,44.405,57.8042,1301.75,0.075,0.2226,2967.875,7.2775,13.0786,1797.125,0.0275,0.05,1817.875,,,0.7325,1.3192,1801,-0.0325,-0.0001,2.875,5,17.5444,3508.875,0.0475,0.0863,1816.5,-0.005,-0.0091,1822.375,10798.65,19047.4688,1763.875,2.7,4.9086,1818,0.2125,0.3862,1817.625,0.02,0.0363,1814.25,-0.3,-0.5451,1817.125,692.3425,1209.5223,1747,0.16,0.2914,1821.125,0.0475,0.0865,1820.125,1.25,2.2742,1819.375,0.01,0.033,3295.5,1.9,7.5029,3948.875,29.74,117.3838,3947,116.65,460.8696,3950.875,0.8875,3.5032,3947.25,10.7375,42.3943,3948.25,0.0725,0.2864,3950,0.25,0.9872,3949,3.2075,12.666,3948.875,0.9,3.5498,3944.25,0.3,1.1847,3949,-0.0025,-0.0099,3948.25,0.2625,0.8671,3303.125,0.2925,0.3527,1205.75,0.0325,0.0001,1.875,-0.0125,-0,1.625
2.364,14.69,,7393.125,0.0275,,1.25,-0.0325,,1.375,-0.02,,0.75,8.0175,,4599,1.665,,1801.75,8.3325,,1055.25,2.2,,919.625,1.55,,503.875,-0.0075,,2.375,-0.0125,,0.5,0.03,,1821.625,-0.035,,2.625,0.35,,1.125,52.45,,1299,0.09,,2968.75,7.7325,,1796.875,-0.0175,,1817.125,,,0.4075,,1801.875,0.0075,,0.5,9.4,,3509.125,0.0575,,1817.75,0.025,,1820.875,10799.7,,1765.125,2.4,,1818,0.1625,,1818.5,0.0375,,1820.75,-0.35,,1821.5,692.625,,1746.625,0.145,,1821.75,0.0475,,1823.125,1.05,,1817.875,0.0275,,3297,0.6,,3954.75,25.45,,3951.25,105.15,,3953.5,0.8375,,3951.875,10.8725,,3951.75,0.05,,3950,-0.6,,3954,3.175,,3954,0.8,,3951,0.1,,3954.125,0.06,,3949,0.1725,,3302.625,0.28,,1205.625,-0.04,,1.5,-0.0275,,1
2.46,13.03,,7393.125,0.0275,,0.875,-0.045,,2.375,-0.0125,,1.375,8.0825,,4597.5,2.3825,,1802.5,7.1875,,1053.125,3.8,,922.25,2.15,,506.125,-0.01,,1.875,-0.02,,1.875,0.015,,1821,-0.0025,,0.875,0.5,,1.625,44.1625,,1300,0.07,,2967.5,6.8775,,1796.25,0.02,,1818,,,2.5025,,1799.75,0,,1268.125,7.65,,3513.5,0.0025,,1817.375,0.0125,,1819.5,10798.8,,1764,2.3,,1818.875,0.1725,,1818.375,-0.0075,,1817.875,-0.35,,1819.25,692.0025,,1748,0.225,,1820.75,0,,1818.75,0.65,,1818.5,-0.0125,,3299,0.4,,3936.375,29.13,,3934.75,147.65,,3940.5,0.88,,3938.625,10.9425,,3936.75,0.055,,3939.25,-0.5,,3936.5,2.7875,,3937.5,0.9,,3939,0.25,,3937.25,0.06,,3936.625,2.4225,,3302.5,22.62,,1203.5,-0.015,,1.375,-0.0125,,0.25
2.556,14.73,108.8823,7391.875,-0.0275,-0,1.5,-0.045,-0.0001,1.375,-0.05,-0.0001,1.375,7.99,36.76,4600.75,2.01,3.6223,1802.125,8.1775,8.614,1053.375,4.15,3.8294,922.75,1.6,0.8106,506.625,0.02,0,1.125,0.005,0,0.625,0.01,0.0182,1821.625,-0.0175,-0,1,0.3,0.0004,1.375,52.95,68.7159,1297.75,0.0625,0.1855,2967.875,7.735,13.9046,1797.625,0.035,0.0636,1818.25,,,1.505,2.7096,1800.375,0.0325,0.0825,2538.25,4.85,17.032,3511.75,-0.01,-0.0182,1819.875,0.065,0.1183,1820.25,10798.45,19049.8156,1764.125,2.1,3.8223,1820.125,0.1975,0.3597,1821.375,-0.0125,-0.0227,1815.75,0.1,0.1821,1820.875,692.3625,1210.5093,1748.375,0.115,0.2092,1819.5,0.005,0.0091,1819.125,0.35,0.6356,1816,0.0475,0.1566,3297.75,1.35,5.3296,3947.875,30.075,118.691,3946.5,117.7,464.9444,3950.25,0.8625,3.4051,3948,10.855,42.8325,3945.875,-0,-0,3946.25,-0.2,-0.7893,3946.25,3.115,12.3023,3949.375,0.8,3.157,3946.25,0.45,1.777,3948.875,0.04,0.1579,3946.75,0.21,0.6932,3301,0.2925,0.3514,1201.375,0.01,0,0,-0.01,-0,1.125
2.652,14.8025,109.4848,7396.375,-0.0075,-0,2.125,0.01,0,2.375,-0.0525,-0.0001,2.25,8.025,36.899,4598,2.2475,4.0514,1802.625,8.0275,8.464,1054.375,4.05,3.7219,919,1.65,0.8351,506.125,-0.005,-0,3.25,-0.0225,-0,0.75,0.0475,0.0866,1822.75,0,0,0.75,0.05,0.0001,1.125,54.3075,70.3893,1296.125,0.045,0.1336,2969.625,7.7275,13.8844,1796.75,0,0,1816.5,,,2.245,4.0413,1800.125,0.015,0.038,2532.5,4.95,17.3764,3510.375,0.005,0.0091,1820.375,0.03,0.0546,1821.625,10799.25,19024.2288,1761.625,1.85,3.3638,1818.25,0.18,0.3272,1817.75,0.0225,0.0409,1815.625,-0.45,-0.8202,1822.75,691.9275,1208.0189,1745.875,0.1375,0.2501,1819.125,0.0175,0.0318,1819.125,0.5,0.9089,1817.75,7.035,23.2102,3299.25,0.3,1.1841,3946.875,29.73,117.3517,3947.25,118.65,468.6378,3949.75,0.8875,3.5043,3948.5,10.8325,42.7694,3948.25,0.0225,0.0888,3946.25,0.35,1.3814,3947,3.085,12.1831,3949.125,-0.2,-0.7899,3949.25,0.45,1.7774,3949.875,-0.0125,-0.0493,3943,2.3675,7.8201,3303.125,0.2425,0.2913,1201.25,-0.005,-0,2.75,0.03,0,0.5
2.748,14.905,110.215,7394.5,-0.0125,-0,0.875,0.0125,0,1.625,-0.0225,-0,1.25,8.065,37.096,4599.625,2.165,3.904,1803.25,9.45,9.9343,1051.25,3.15,2.9078,923.125,2,1.0097,504.875,-0.025,-0,1.75,-0.0025,-0,0.75,0.0125,0.0227,1819.625,0.0225,0,1.25,-0.25,-0.0003,1,52.54,68.2823,1299.625,0.0725,0.2151,2967,7.705,13.8546,1798.125,0.03,0.0545,1817.375,,,0.7025,1.2647,1800.25,0.0225,0.057,2532.125,12.6,44.2449,3511.5,0.0475,0.0864,1818.375,-0.0025,-0.0046,1821.125,10797.4,19041.2149,1763.5,2.2,4.0013,1818.75,0.19,0.3457,1819.625,0.0225,0.0409,1819.25,0.85,1.5463,1819.125,692.1725,1208.6197,1746.125,0.21,0.3817,1817.75,0.02,0.0364,1818.75,-0.2,-0.3637,1818.625,4.79,15.7669,3291.625,-0.05,-0.1974,3948.125,29.795,117.5562,3945.5,120.5,476.0503,3950.625,0.8825,3.4836,3947.375,10.8775,42.9362,3947.25,0.025,0.0988,3950.125,0.35,1.3823,3949.5,2.9875,11.7939,3947.75,-0.05,-0.1974,3948.75,0.5,1.9754,3950.75,0.09,0.3552,3946.25,0.1975,0.6522,3302.5,0.325,0.3904,1201.25,0.02,0,1.125,0.005,0,0.5
2.844,13.0475,,7394.375,0.0475,,1.5,-0.025,,2.625,-0.04,,1.625,8.0675,,4599.375,1.925,,1803.75,9.6375,,1054.5,2.05,,920.75,1.25,,503.375,-0.015,,0,-0.005,,1.125,0.035,,1822.75,0.0025,,1.125,0.9,,0.75,47.1525,,1296.625,0.0475,,2970.375,7.7175,,1798.875,0.0425,,1818.125,,,0.4625,,1801.5,0.1525,,2534.875,5.15,,3512.25,0.035,,1817.375,0.015,,1820.625,10798.55,,1764,2.75,,1820,0.1675,,1819.625,0.025,,1819.125,0.15,,1819.625,692.4925,,1747.625,0.1275,,1820.75,0.0325,,1821.375,0.5,,1819,0.03,,3301.375,1.5,,3952.125,25.815,,3950.25,108.25,,3954.125,0.82,,3952,10.7875,,3951.75,0.0475,,3949.625,-0.8,,3951.75,2.77,,3951.5,0.45,,3949,0.95,,3955.5,0.0675,,3948.375,0.215,,3303,0.2925,,1202.25,-0.025,,2.125,-0.015,,1.625
2.94,14.785,,7393.5,0.0175,,0.5,-0.0125,,1.125,-0.0075,,1.375,8.115,,4598.375,2.135,,1802.875,6.7775,,1052.5,3.3,,921,1.3,,504.75,-0.0125,,1.375,0.0025,,0.75,0.025,,1820.25,-0.01,,2.25,0.55,,1,52.84,,1300.625,0.0325,,2970.25,7.7,,1795.25,-0.0225,,1816.875,,,3.915,,1799.5,0.23,,2535,11.45,,3505.5,0.0775,,1819.125,0.04,,1821.875,10799,,1763.5,2.25,,1819.375,0.185,,1819,0.0275,,1817.75,0,,1820.625,692.5725,,1747.875,0.2075,,1819.875,0.0075,,1820,0.5,,1818.5,0.015,,3298.375,0.9,,3945.75,29.7225,,3943.5,134.25,,3946.25,0.895,,3945.25,10.68,,3943.125,0.0425,,3948.875,-0.2,,3945.125,2.8375,,3949.25,0.6,,3948.5,0.7,,3949.5,0.0725,,3947.5,4.23,,3300.375,0.295,,1200.625,-0.01,,1.625,-0.0275,,0.875
3.036,15.3875,113.7425,7391.875,-0.0125,-0,1.75,0.0025,0,1.625,-0.035,-0.0001,1.5,8.125,37.3577,4597.875,2.025,3.6516,1803.25,10.1125,10.6636,1054.5,3.2,2.946,920.625,1.15,0.5819,506,-0.02,-0,0.5,0.0225,0,1.375,0.0175,0.0319,1821.875,0.025,0,1.875,0.2,0.0004,2.25,52.605,68.4786,1301.75,0.0375,0.1113,2969,7.7775,13.9664,1795.75,-0.0075,-0.0136,1816.25,,,1.9825,3.5687,1800.125,0.0225,0.057,2533.5,4.9,17.2119,3512.625,0.03,0.0546,1818.5,0.005,0.0091,1821.125,10798.5,19041.8049,1763.375,1.9,3.4559,1818.875,0.1675,0.3045,1817.875,0,0,1817.75,0.55,1.002,1821.875,691.89,1207.521,1745.25,0.175,0.3185,1820.125,0.02,0.0364,1820.375,-0.9,-1.6358,1817.5,0.03,0.099,3300.625,0.45,1.7763,3947.375,29.235,115.3175,3944.5,114.95,453.9375,3949,0.875,3.4545,3948,10.7825,42.5464,3945.875,-0.02,-0.0789,3947.375,0,0,3946.25,2.8675,11.3223,3948.5,-0.35,-1.3817,3947.625,0.4,1.5794,3948.375,0.0775,0.306,3948.25,2.275,7.5157,3303.625,0.2775,0.3335,1201.75,-0.015,-0,1.125,0.0075,0,1
3.132,14.8375,109.6936,7393,-0.0025,-0,2.125,0.0075,0,2.25,-0.0075,-0,1.125,8.0575,37.0635,4599.875,2.1275,3.8369,1803.5,12.2375,12.9106,1055,4,3.682,920.5,1.15,0.5805,504.75,-0.02,-0,1.375,-0.0025,-0,2.25,-0,-0,1821.5,-0.02,-0,1.125,0.15,0,0.25,53.045,68.9055,1299,0.0775,0.2299,2966.875,7.695,13.8318,1797.5,0.0325,0.0591,1818.5,,,1.1725,2.1108,1800.25,-0.0875,-0.1195,1365.875,16.1,56.4587,3506.75,0,0,1818.75,0.01,0.0182,1820.5,10799.25,19032.3282,1762.375,1.8,3.2708,1817.125,0.19,0.3453,1817.375,0.005,0.0091,1815.375,-0.1,-0.1821,1820.625,693.4575,1211.3836,1746.875,0.1275,0.2321,1820.625,0.0225,0.041,1820.5,0.45,0.818,1817.875,0.05,0.1649,3298.75,1.6,6.3158,3947.375,30,118.2938,3943.125,130.8,516.3166,3947.375,0.925,3.6514,3947.5,10.905,43.0257,3945.5,0.0125,0.0493,3945.75,-0.2,-0.7895,3947.375,2.895,11.4255,3946.625,0.3,1.1843,3947.625,1.5,5.9216,3947.75,0.055,0.2169,3943.5,0.2175,0.7184,3303,0.34,0.4087,1202.125,-0.0375,-0.0001,1.5,-0.04,-0,0.875
3.228,15.19,112.2807,7391.75,-0.0125,-0,0.75,-0.045,-0.0001,1.5,-0.025,-0.0001,2,8.06,37.074,4599.75,2.11,3.8006,1801.25,9.635,10.1517,1053.625,3.95,3.6468,923.25,1.35,0.6811,504.5,-0.0075,-0,1.625,-0.0025,-0,1.25,0.0375,0.0683,1822.625,0.025,0,1.125,-0.25,-0.0003,1.25,49.8625,64.8399,1300.375,0.035,0.1038,2966.25,7.7675,13.9543,1796.5,0.0225,0.0409,1816,,,0.705,1.2706,1802.25,0.0275,0.0025,92.5,9.4,33.0034,3511,0.0425,0.0772,1817.5,0.04,0.0728,1820.25,10798.5,19043.1548,1763.5,2.6,4.7317,1819.875,0.2325,0.4231,1819.75,-0.035,-0.0636,1816.5,0.55,1.0013,1820.5,692.605,1210.6735,1748,0.1775,0.323,1819.875,0.0225,0.041,1820.5,-0.35,-0.6367,1819.125,0.0225,0.0742,3297.5,1.45,5.7255,3948.625,30.29,119.5319,3946.25,119.9,473.5451,3949.5,0.905,3.5738,3949,10.8275,42.7307,3946.5,0.0925,0.3653,3948.875,-0.3,-1.1847,3948.875,3.1975,12.6253,3948.5,0.7,2.7652,3950.25,0.55,2.172,3949,0.06,0.2369,3948.875,0.2425,0.8008,3302.375,0.38,0.4586,1206.75,0.0075,0,2.625,0.01,0,2.125
3.324,12.7425,94.2149,7393.75,-0.0375,-0.0001,2.375,-0.0125,-0,1.375,-0.0275,-0,1.375,8.0625,37.0774,4598.75,1.7425,3.1389,1801.375,6.4425,6.7904,1054,4.2,3.8645,920.125,1.5,0.7575,505,0.0025,0,0.25,-0.01,-0,0.5,0.03,0.0546,1821.375,-0.01,-0,1.25,0.6,0.0015,2.5,47.155,61.2131,1298.125,0.0325,0.0964,2967.5,6.8375,12.293,1797.875,0.035,0.0637,1818.75,,,0.7125,1.2823,1799.75,0,0,9,3.5,12.2846,3509.875,0.0225,0.0409,1817.375,-0.0225,-0.041,1820.375,10799.25,19026.9286,1761.875,2.15,3.9103,1818.75,0.175,0.3184,1819.375,0.045,0.0818,1816.875,0,0,1819.875,691.51,1208.5866,1747.75,0.1375,0.2505,1821.625,0.02,0.0364,1819.25,0.55,0.9996,1817.375,0.0325,0.1072,3299.75,0.65,2.5691,3952.5,25.1825,99.5024,3951.25,105.8,418.3729,3954.375,0.8825,3.4891,3953.625,10.87,42.9691,3953,-0.0225,-0.089,3954.25,0.2,0.7906,3953.125,2.685,10.6121,3952.375,0.95,3.7571,3954.875,1.05,4.1503,3952.625,0.0775,0.3062,3951.125,0.295,0.9739,3301.375,0.2675,0.3227,1206.375,-0.0175,-0,2,0.0375,0,0.5
3.42,14.8975,,7392.875,-0.03,,0.75,-0.015,,2.875,-0.0225,,2.375,8.03,,4600,1.9925,,1803.25,9.2175,,1055,1.9,,920.625,-0.05,,505.125,-0.0075,,2,0,,0.75,0.0275,,1819.75,-0.02,,0.75,0.7,,1.25,51.16,,1296.75,0.0575,,2967.125,7.725,,1797.625,0.0275,,1817.875,,,2.2,,1801.125,-0.0175,,2.125,5.15,,3509.125,0.01,,1816.625,0.045,,1821.75,10798.4,,1763.875,2.6,,1818.5,0.1925,,1818.75,0.0175,,1818.125,-0.85,,1822.625,692.8775,,1746.25,0.1625,,1820.25,0.01,,1818.625,-0.05,,1818.125,0.0225,,3295.625,0.5,,3945.75,29.9075,,3944.375,118.8,,3947.375,0.875,,3947.75,10.7575,,3944.625,0.03,,3951.125,-0.45,,3947.875,3.01,,3946.25,0.55,,3947,0.3,,3946.5,0.08,,3946.375,0.24,,3303.625,0.3075,,1204.875,0.0125,,1.375,0.0075,,1.375
3.516,14.8925,110.1133,7393.875,0.0175,0,1.25,-0.02,-0,0.75,-0.0125,-0,1.375,8.065,37.1101,4601.375,2.0225,3.6443,1801.875,7.35,7.7405,1053.125,3.4,3.1225,918.375,0.7,0.3539,505.625,-0.0325,-0,1.375,0.005,0,1.625,0.0175,0.0319,1822.25,-0.0225,-0,1.75,0.35,0.0004,1.25,57.8825,75.146,1298.25,0.1,0.2967,2967.125,7.5875,13.6234,1795.5,0.05,0.0909,1817,,,3.3025,5.9441,1799.875,0.02,0,1.875,4.6,16.1506,3511,0.0375,0.0682,1817.625,0.0525,0.0955,1818.125,10799.35,19040.604,1763.125,2.4,4.3665,1819.375,0.17,0.3092,1818.75,0.0075,0.0136,1817.125,0.75,1.3637,1818.25,692.1275,1209.7524,1747.875,0.2,0.3639,1819.375,-0.025,-0.0455,1820.5,-0.1,-0.1818,1818,0.0725,0.239,3296.75,1.45,5.7241,3947.625,29.765,117.4527,3946,114.75,453.3199,3950.5,0.9225,3.6408,3946.625,10.92,43.0958,3946.5,0.0825,0.3258,3949,-0.5,-1.9739,3947.75,2.99,11.8064,3948.625,-0.15,-0.5916,3943.75,1.1,4.3435,3948.625,0.1175,0.4635,3944.625,1.08,3.5687,3304.375,0.35,0.4223,1206.5,0.0175,0,1.375,-0.0125,-0,1.125
3.612,14.855,109.8769,7396.625,0.04,0,1.125,-0.04,-0.0001,1.875,-0.0475,-0,1,8.095,37.2249,4598.5,2.165,3.903,1802.75,9.69,10.2229,1055,3.6,3.3142,920.625,0.95,0.4794,504.625,0.005,0,1.375,-0.0125,-0,1.125,0.0375,0.0683,1821.625,-0.03,-0.0001,2,-0.3,-0.0004,1.25,52.815,68.5803,1298.5,0.08,0.2376,2969.5,7.74,13.9223,1798.75,0.015,0.0272,1815.375,,,1.35,2.4302,1800.125,0.0175,0,2,4.4,15.4528,3512,0.025,0.0455,1818.5,0.0275,0.0501,1820.375,10799.05,19036.0254,1762.75,2,3.6353,1817.625,0.22,0.4001,1818.625,0.02,0.0363,1816.375,0.35,0.6367,1819.25,692.4225,1211.6528,1749.875,0.11,0.2,1818.5,0.0175,0.0319,1821.125,0.1,0.1818,1817.875,0.0175,0.0577,3298.75,0.7,2.7637,3948.125,29.9275,118.1351,3947.375,116.15,458.778,3949.875,0.905,3.5743,3949.5,10.805,42.6622,3948.375,0.0725,0.2863,3949.625,-0.4,-1.5798,3949.375,3.02,11.9282,3949.75,0.1,0.3947,3946.625,0.65,2.5665,3948.5,0.0225,0.0889,3949.5,0.2525,0.8339,3302.5,0.285,0.3435,1205.125,-0.01,-0,1.75,-0.0025,-0,1.25
3.708,15.0525,111.3396,7396.75,0.0225,0,0.875,-0.0225,-0.0001,2.25,-0.05,-0.0001,1.375,8.0875,37.1894,4598.375,2.0475,3.6937,1804,8.525,8.9928,1054.875,2.45,2.254,920,1.35,0.6801,503.75,-0.0175,-0,1.75,0.0275,0,1.125,0,0,1821.375,0,0,1.625,-0.35,-0.0007,2.125,51.725,67.1067,1297.375,0.0675,0.2004,2968.875,8.4125,15.1036,1795.375,-0.025,-0.0454,1817.5,,,0.745,1.3423,1801.75,0.005,0,2,8.35,29.2908,3507.875,-0.0025,-0.0045,1818.625,0.0225,0.041,1820.125,10797.8,19033.8219,1762.75,2,3.6378,1818.875,0.205,0.373,1819.375,-0.0075,-0.0136,1815.75,-0.95,-1.7292,1820.25,691.64,1207.7763,1746.25,0.185,0.3365,1819,0.025,0.0455,1821.125,-0.4,-0.7276,1819,0.0575,0.1897,3298.875,0.2,0.7897,3948.75,31.15,122.9841,3948.125,119.7,473.0993,3952.375,0.87,3.4362,3949.625,10.845,42.85,3951.125,-0.0125,-0.0494,3949.875,-0.4,-1.5799,3949.75,2.5175,9.9473,3951.25,0,0,3954.5,-0.8,-3.1618,3952.25,0.0825,0.3258,3948.875,0.1625,0.5367,3302.75,0.3025,0.3645,1205,0.01,0,1.875,-0.0025,-0,2.25
3.804,12.5775,93.0216,7395.875,0.04,0,0.875,-0.0375,-0.0001,1.625,-0.0725,-0.0001,0.875,8.1075,37.2904,4599.5,1.665,3.0053,1805,7.745,8.169,1054.75,2.2,2.0301,922.75,0.95,0.4807,506,0.0225,0,0.75,0.0225,0,1.375,0,0,1820.75,-0.0175,-0,1.125,0.15,0.0001,0.75,46.0075,59.7005,1297.625,0.0775,0.23,2967.75,6.88,12.3659,1797.375,0.03,0.0546,1818.5,,,0.755,1.3597,1800.875,0,0,3.125,4.55,15.962,3508.125,0.0175,0.0318,1816.875,0.005,0.0091,1820.5,10798.4,19051.0772,1764.25,0.95,1.7278,1818.75,0.205,0.3734,1821.625,0.0425,0.0773,1818.375,0.2,0.3642,1820.75,692.13,1210.4489,1748.875,0.1725,0.3133,1816,0.0175,0.0318,1819,0.05,0.091,1819.125,0.065,0.2143,3297.25,1.45,5.7302,3951.875,25.2975,99.9757,3952,109.45,432.2728,3949.5,0.88,3.4771,3951.25,11,43.4693,3951.75,0.025,0.0988,3951.625,-0.1,-0.395,3950.375,3.2725,12.9313,3951.5,0.35,1.3837,3953.5,0.35,1.3833,3952.375,0.04,0.158,3950.625,0.2775,0.9169,3304.125,0.3175,0.3825,1204.75,0,0,2.125,-0.005,-0,0.875
3.9,15.725,,7394.5,0.03,,1.125,-0.0225,,0.5,-0.02,,2.875,8.0575,,4599.625,2.0725,,1804.25,7.2025,,1055.75,3.1,,919.75,1.7,,506.875,0.0125,,1.875,-0.035,,1.25,-0.0125,,1821.125,-0.03,,2,0.15,,1.25,51.0875,,1298.75,0.06,,2967.25,7.735,,1796.75,0.01,,1816.625,,,3.4025,,1799.5,0.0175,,0.5,5.9,,3508.75,0.025,,1818.375,-0.0425,,1821,10798.6,,1762.25,2.65,,1818,0.1675,,1819.75,0.005,,1817,0.4,,1821.25,692.4425,,1747.375,0.1,,1819.5,-0.025,,1825.125,0.6,,1818.75,0.01,,3290.75,0.6,,3948.375,33.1425,,3947.125,114.8,,3950.875,0.8575,,3949.375,10.7825,,3947.125,0.02,,3946.5,-0.15,,3949.125,2.58,,3948.75,0.15,,3943.75,0.5,,3950.125,0.0175,,3946.75,0.28,,3301.25,0.3575,,1206,0.0175,,2,0.0225,,1.125
3.996,14.685,,7394.125,0.0225,,0.5,0,,3,-0.0375,,1.25,7.995,,4599.625,1.9575,,1803,8.2325,,1053.625,3.65,,919.75,0.7,,503.75,-0.02,,1.375,0.005,,1.25,0.0025,,1821,-0.0475,,1.375,-0.15,,2.625,54.935,,1300.75,0.075,,2967.5,7.7375,,1796.25,-0.0025,,1819.125,,,3.18,,1799,0.015,,1.75,4.55,,3510.5,0.01,,1818.375,0.035,,1821,10798.85,,1763.25,2.85,,1818.625,0.21,,1818.5,0.0175,,1819.25,0,,1819.375,692.305,,1746.875,0.2,,1821.125,0.015,,1821.25,0.2,,1818.75,-0.0175,,3298.125,0.45,,3948.125,29.4925,,3945.75,115.5,,3949.25,0.8475,,3948.25,10.855,,3947.75,0.0125,,3950.875,0,,3947,2.67,,3947.625,0.15,,3943.625,0.5,,3948.25,0.04,,3945,2.795,,3302.75,0.3,,1205.625,-0.005,,1.75,-0.01,,0.875
4.092,14.81,109.5162,7394.75,-0.0325,-0,0.5,-0.0125,-0,1.5,0.025,0,0.75,8.085,37.1708,4597.5,1.9725,3.5522,1800.875,7.7,8.1206,1054.625,2.5,2.2988,919.5,0.75,0.3802,506.875,-0.045,-0.0001,2.375,-0.02,-0,0.875,-0.015,-0.0273,1821.75,-0.02,-0,1.25,0.5,0.0008,1.5,52.245,67.8009,1297.75,0.085,0.2524,2969.625,7.75,13.9238,1796.625,-0.005,-0.0091,1816.75,,,0.76,1.3695,1802,-0.01,-0,0.75,4.8,16.8558,3511.625,0.03,0.0545,1818.125,0.0275,0.0501,1821.625,10798.95,19023.7003,1761.625,2.1,3.8186,1818.375,0.2,0.3639,1819.25,0.07,0.1272,1817.25,0.1,0.1819,1819.25,691.3625,1208.3288,1747.75,0.165,0.3005,1821.25,0.03,0.0546,1819.375,0.2,0.364,1820,0.0625,0.2061,3298.375,1.4,5.5288,3949.125,30.6675,121.1213,3949.5,114.8,453.6896,3952,0.8675,3.4267,3950.125,10.8325,42.7748,3948.75,0.0025,0.0099,3948,-0.05,-0.1975,3949.5,2.87,11.3379,3950.5,-0.1,-0.3951,3951.375,0.25,0.9878,3951.25,0.05,0.1974,3947,0.2175,0.7183,3302.75,0.375,0.4523,1206.125,-0.005,-0,3.625,0.0125,0,1.375
4.188,15.0525,111.3132,7395,-0.025,-0,1.125,-0.025,-0.0001,2.875,-0.0175,-0,2.25,8.0475,36.9923,4596.75,1.9225,3.4603,1799.875,9.085,9.5745,1053.875,3.85,3.5574,924,1.4,0.7084,506,-0.0125,-0,1.125,-0.015,-0,0.75,0.0275,0.0501,1820.875,0.015,0,0.25,-0.1,-0.0003,2.5,56.4675,73.2736,1297.625,0.0925,0.2746,2968.125,8.3075,14.9275,1796.875,0.02,0.0364,1817.75,,,0.6825,1.2292,1801,-0.01,-0,0.75,6.95,24.3771,3507.5,0.0875,0.159,1816.75,0.0225,0.041,1821.75,10798.3,19038.7527,1763.125,2,3.6357,1817.875,0.1825,0.3318,1818,0.01,0.0182,1817.25,-0.4,-0.7282,1820.5,691.31,1207.4593,1746.625,0.1575,0.2864,1818.375,0.0325,0.0591,1817.875,0.05,0.0909,1817.875,0.06,0.198,3300.375,1.95,7.7037,3950.625,29.645,117.0533,3948.5,111.8,441.624,3950.125,0.8425,3.3273,3949.375,10.7975,42.6353,3948.625,0.045,0.1776,3947.375,-0.45,-1.7771,3949,3.1175,12.3149,3950.25,0.9,3.5551,3950.125,0.7,2.7653,3950.375,0.0875,0.3452,3945.25,0.2025,0.6691,3304.25,0.33,0.3974,1204.375,0.02,0,1.375,0.0125,0,1.25
4.284,12.62,93.3249,7395,0.0025,0,1.125,-0.02,-0,1.125,-0.0275,-0.0001,2,8.135,37.3976,4597.125,1.695,3.055,1802.375,7.1475,7.5397,1054.875,2,1.8433,921.625,0.9,0.4548,505.375,-0.0125,-0,1.625,0,0,2.25,0.0275,0.0501,1820.875,0,0,1.375,-0.05,-0.0001,1.75,46.485,60.4014,1299.375,0.065,0.1928,2966.125,6.9275,12.4513,1797.375,0.0275,0.05,1817.75,,,1.46,2.6287,1800.5,0.0075,0,2.5,3.85,13.5178,3511.125,0.05,0.0909,1818.875,0.0475,0.0865,1821,10799.2,19038.9896,1763,1.45,2.639,1820,0.18,0.3274,1819,0.035,0.0636,1817.125,-0.3,-0.5462,1820.625,691.6975,1209.0872,1748,0.2225,0.4056,1822.875,-0.02,-0.0364,1818.25,0.1,0.1818,1818.125,0.0275,0.0906,3294.625,1,3.9497,3949.75,25.51,100.7294,3948.625,116.45,460.0066,3950.25,0.8425,3.329,3951.375,11.0025,43.453,3949.375,0.0475,0.1878,3952.75,-0.25,-0.9875,3949.875,2.7175,10.7379,3951.375,0.2,0.79,3949.75,0.05,0.1975,3950.875,0.125,0.4938,3950.125,0.265,0.875,3301.75,0.3325,0.4005,1204.5,0.0125,0,0.5,-0.04,-0,0.875
4.38,17.01,125.7826,7394.625,-0.03,-0,1.625,0,0,0.875,-0.0575,-0.0001,2.25,8.0475,36.9903,4596.5,2.07,3.7312,1802.5,8.5325,8.9922,1053.875,3.05,2.8174,923.75,1.35,0.6833,506.125,0.0075,0,1.125,-0.02,-0,1.875,0.015,0.0273,1821.125,0.0075,0,1.375,0.45,0.0004,1,56.1675,72.9616,1299,0.06,0.1781,2967.75,8.0475,14.4724,1798.375,0.015,0.0273,1818.5,,,3.6575,6.5876,1801.125,0.0275,0,1.375,6.3,22.1028,3508.375,0.05,0.091,1819.375,0.0225,0.041,1820.625,10797.6,19026.7209,1762.125,1.8,3.2753,1819.625,0.22,0.4002,1819.125,0.0425,0.0772,1816.25,-0.75,-1.3657,1820.875,691.46,1207.8942,1746.875,0.095,0.1728,1818.75,-0.0325,-0.0592,1820.875,0.1,0.182,1819.625,0.025,0.0825,3299.125,0.95,3.752,3949.5,31,122.3415,3946.5,108.15,427.1519,3949.625,0.8425,3.327,3949,10.7025,42.2481,3947.5,0,0,3949.125,-0.5,-1.9749,3949.75,3.01,11.8865,3949,0,0,3947.375,0.55,2.1737,3952.125,0.05,0.1974,3947.5,8.1875,27.0341,3301.875,0.32,0.3859,1206,0.025,0.0001,3.125,-0.0075,-0,1
4.476,14.72,,7393.5,0.01,,1.5,0.0025,,2.375,-0.035,,1.25,8.09,,4598.625,2.0175,,1801.375,7.555,,1054.625,3.8,,921.25,1.2,,506.25,-0.0125,,1.25,0,,1.375,0.0075,,1821.375,0.0175,,0.75,0,,1.125,53.84,,1298.125,0.0475,,2968.875,7.7625,,1797.25,0.0325,,1817.75,,,2.3925,,1801,-0.02,,1,4.9,,3509.625,0.0175,,1818.125,0.015,,1821.625,10799.15,,1765,1.65,,1818,0.16,,1818.625,0.035,,1815.25,-0.25,,1821.125,690.9675,,1748.375,0.1825,,1817.375,0.0075,,1821.125,0.7,,1817.625,0.0275,,3296.125,0.5,,3946.375,29.5925,,3946.5,123.25,,3950.375,0.8425,,3948.25,10.8325,,3945.875,0.0175,,3947.625,0.5,,3947,2.76,,3949.125,0.35,,3945.25,0.45,,3947.875,0.0375,,3947.125,0.19,,3301.5,0.305,,1207,-0.0025,,1.375,0.025,,1
4.572,15.2825,112.9912,7393.5,-0.025,-0.0001,2.5,0.0025,0,1.625,0,0,1,8.075,37.1379,4599.125,2.05,3.6979,1803.875,9.84,10.3874,1055.625,3.6,3.3228,923,1.15,0.5828,506.75,-0.0025,-0,1.125,0.005,0,0.875,-0.0175,-0.0319,1821.5,-0.01,-0,0.75,-0.5,-0.0006,1.25,53.335,69.3355,1300,0.035,0.1038,2966.875,7.755,13.9377,1797.25,-0.0225,-0.0409,1817.125,,,0.845,1.5217,1800.875,-0.0225,-0,1.125,5.65,19.8308,3509.875,0.0075,0.0136,1818.5,0.0175,0.0319,1821.75,10799.9,19055.0736,1764.375,3.1,5.637,1818.375,0.225,0.4095,1820,0.0225,0.0409,1818.5,-0.15,-0.2732,1821,692.41,1209.8134,1747.25,0.165,0.3,1818.25,0.0225,0.0409,1817.5,-0.2,-0.3636,1818,0.0475,0.1562,3288.375,2.6,10.2752,3952,28.905,114.0808,3946.75,116.8,461.8126,3953.875,0.8925,3.5248,3949.375,10.7575,42.4746,3948.375,-0.015,-0.0592,3947.75,0.7,2.765,3950,2.9875,11.8014,3950.25,0.45,1.7778,3950.75,0.6,2.3709,3951.5,0.0475,0.1874,3945.5,0.2275,0.7513,3302.625,0.3125,0.3769,1206,-0.0375,-0.0001,1.625,0.01,0,1
4.668,14.6725,108.461,7392.125,0.0275,0,1,-0.0075,-0,3.375,-0.0575,-0.0001,1.375,8.045,36.9889,4597.75,1.895,3.4157,1802.5,7.7975,8.2117,1053.125,2.85,2.6273,921.875,1.15,0.5838,507.625,-0.015,-0,1.375,0,0,3.375,0.0175,0.0319,1821.25,0.0275,0,0.75,0.15,0.0001,1,53.02,68.8465,1298.5,0.07,0.2077,2967.25,7.7175,13.8857,1799.25,0.0375,0.0681,1815,,,0.615,1.1075,1800.875,-0.005,-0,0.875,4.9,17.2039,3511,0.0175,0.0318,1820,0.0275,0.0501,1822.125,10800.2,19027.2524,1761.75,1.9,3.4549,1818.375,0.17,0.3094,1819.875,0.0375,0.0682,1817.875,-0.05,-0.0909,1818.375,692.0425,1209.6038,1747.875,0.14,0.2548,1820.25,0.005,0.0091,1818.5,0.55,1,1818.25,4.8,15.8334,3298.625,0.8,3.159,3948.75,29.2175,115.3543,3948.125,109.05,430.8974,3951.375,0.8675,3.4268,3950.25,10.8325,42.7884,3950,0.035,0.1382,3948.5,0.2,0.7897,3948.75,3.1225,12.3366,3950.875,0.35,1.3836,3953.125,0.5,1.9755,3951,0.06,0.2367,3944.25,0.225,0.7428,3301.5,0.385,0.4645,1206.375,-0.0175,-0,1.25,-0.0275,-0,1.5
4.764,12.6775,93.7374,7394,-0.03,-0,0.625,-0.035,-0.0001,2,0.005,0,2.875,8.0975,37.2364,4598.5,1.93,3.4805,1803.375,5.0725,5.354,1055.5,4,3.685,921.25,2,1.013,506.5,-0.015,-0,1.875,0.0275,0,1.375,0.0175,0.0319,1821.625,-0.015,-0,0.875,-0.65,-0.0008,1.25,45.725,59.4939,1301.125,0.0575,0.1706,2966.875,6.8975,12.3827,1795.25,0.0325,0.0591,1817.125,,,1.2625,2.2734,1800.75,-0.0125,-0,0.25,5.65,19.8223,3508.375,0.05,0.0909,1817.625,0.015,0.0273,1821.75,10800.2,19047.5027,1763.625,2.75,5.0009,1818.5,0.1725,0.3139,1819.5,-0.0075,-0.0136,1819,-0.35,-0.6374,1821.25,691.785,1210.1914,1749.375,0.1975,0.3593,1819.125,0.0075,0.0137,1821,0.95,1.727,1817.875,0.0475,0.1567,3299.875,0.55,2.1728,3950.5,26.2275,103.5199,3947,114.45,452.1204,3950.375,0.9075,3.5843,3949.625,10.9,43.0441,3949,0.125,0.4937,3949.25,0.25,0.9878,3951.375,2.785,11.0014,3950.25,-0.6,-2.3726,3954.375,0.25,0.9879,3951.625,0.095,0.3752,3949.25,0.3075,1.0153,3301.875,0.28,0.3377,1206,-0.005,-0,0.5,-0.02,-0,1
4.86,14.78,109.2944,7394.75,-0.02,-0,1.25,0.01,0,2.25,0,0,1.375,8.06,37.0659,4598.75,1.7725,3.1927,1801.25,10.95,11.5591,1055.625,2.1,1.9378,922.75,1.75,0.884,505.125,0.02,0,1.375,0.01,0,1.75,-0.0175,-0.0319,1822.125,-0.0475,-0.0001,2,-0.15,-0.0001,1,53.735,69.8286,1299.5,0.1075,0.3191,2968.25,7.73,13.8879,1796.625,0.055,0.0999,1816.75,,,2.03,3.6565,1801.25,-0.0025,-0,2.25,6.35,22.2718,3507.375,0.0425,0.0772,1817.125,-0.0125,-0.0228,1820.25,10797.6,19041.5676,1763.5,2.35,4.2744,1818.875,0.1625,0.2956,1818.875,-0.0025,-0.0045,1817,-0.6,-1.093,1821.625,692.87,1210.3573,1746.875,0.1825,0.3318,1818.125,0.0175,0.0319,1820.125,0,0,1817,0.035,0.1155,3299.125,0.55,2.171,3947.25,29.37,115.905,3946.375,108.65,429.3305,3951.5,0.8975,3.544,3948.75,10.7725,42.5204,3947.125,0.06,0.2369,3948.375,0.1,0.3949,3949,2.535,10.011,3949.125,0.1,0.3951,3950.5,0.9,3.5547,3949.625,0.09,0.3551,3945,2.825,9.3271,3301.625,0.325,0.3919,1206,-0.01,-0,2,-0.0125,-0,0.5
4.956,14.78,,7395.25,0,,1.125,-0.055,,1.875,-0.0575,,0.25,8.0325,,4600,2.155,,1802.75,8.8025,,1054.125,3.2,,924.375,1.55,,506.625,-0.0225,,0.5,0.0125,,0.5,-0.0075,,1821.125,-0.0125,,1,0.6,,0.5,52.335,,1297.875,0.04,,2968.25,7.68,,1795.625,-0.0025,,1818.375,,,1.805,,1799.625,-0.015,,1.25,11.95,,3505.625,0.01,,1818.75,0.005,,1820.625,10799.15,,1763,2.25,,1818.25,0.2025,,1821.25,0.0475,,1817.875,1.15,,1820.75,692.5175,,1748.5,0.125,,1819,0.0075,,1819.5,0.3,,1818.625,0.0575,,3298.875,1.95,,3944.75,30.185,,3945.5,133.45,,3947.125,0.93,,3948.125,10.845,,3944.125,0.065,,3947,-0.4,,3945.125,2.755,,3946.625,0.2,,3945,0.4,,3943.875,0.105,,3944.375,2.9475,,3303.375,0.3175,,1207.5,-0.005,,2.125,-0.005,,1.125
5.052,15.0625,,7395.875,0.0225,,0.75,-0.005,,1.25,-0.01,,1.375,8.0325,,4601.25,2.0975,,1802.875,8.6975,,1053.875,4.15,,923.875,1.8,,506.625,-0.015,,1,0.0175,,2.625,0,,1820.375,-0.035,,1.75,0.3,,1.375,57.14,,1299.125,0.085,,2968,8.535,,1796.125,0.0075,,1817.5,,,0.6925,,1799,0.01,,0.75,5.5,,3507.75,0.05,,1818.5,0.01,,1820.75,10797.95,,1764.25,1.6,,1820,0.17,,1818.625,0.0325,,1817.375,-0.45,,1819.125,692.1575,,1746.375,0.1775,,1819.75,0,,1821,0.4,,1819.125,0.0525,,3300.875,0.7,,3949.5,29.83,,3946.875,117.05,,3952.625,0.855,,3950.75,10.7425,,3948.875,0.005,,3947.375,-0.2,,3947.625,3.1375,,3949.25,0.25,,3950.875,1.45,,3948,0.0425,,3946.875,0.2075,,3302.75,0.2925,,1205.75,0.01,,1.25,-0.015,,1.75
5.148,14.12,104.3874,7392.875,0.03,0,0.25,-0.03,-0,1.5,-0.015,-0,2,8.0675,37.0934,4597.875,1.7725,3.1963,1803.25,9.4175,9.9449,1056,2.65,2.44,920.75,1.8,0.9103,505.75,0.0225,0.0001,2.25,0.01,0,2.25,0.01,0.0182,1821.75,0.0425,0,0.75,0.05,0.0001,1.625,51.2775,66.5518,1297.875,0.0425,0.1261,2966.125,7.7225,13.8686,1795.875,0,0,1817.625,,,0.7325,1.318,1799.375,0,0,0.75,6.05,21.2347,3509.875,0.0225,0.0409,1818.625,-0.005,-0.0091,1822.75,10797.9,19040.7469,1763.375,1.65,2.9991,1817.625,0.1675,0.3048,1819.625,0.0425,0.0772,1815.75,0.1,0.1819,1819,692.0725,1209.3967,1747.5,0.09,0.1638,1819.875,0.0175,0.0318,1818.625,0.45,0.8184,1818.75,0.0175,0.0576,3293.5,-0.25,-0.9882,3953,25.4225,100.3966,3949.125,113.9,450.1613,3952.25,0.8225,3.2499,3951.25,10.8075,42.7153,3952.375,0.05,0.1975,3949.25,-0.25,-0.9882,3953,3.3525,13.2487,3951.875,0.4,1.5813,3953.125,0.25,0.9878,3951,0.0625,0.2467,3947.375,0.2475,0.8175,3302.875,0.2375,0.2863,1205.375,0.005,0,2.25,0.0175,0,0.5
5.244,13.6225,100.718,7393.5,-0.0025,-0,1.125,0,0,1.75,-0.0525,-0.0001,1.125,8.1175,37.3435,4600.375,2.0275,3.6551,1802.75,8.555,9.0148,1053.75,3.85,3.5516,922.5,1.9,0.9638,507.25,0.0075,0,1.25,0.015,0,1.25,-0.02,-0.0364,1822,-0.005,-0,2.125,0.2,0.0002,1,46.2075,60.1044,1300.75,0.0725,0.2152,2968.5,6.89,12.3865,1797.75,0.0075,0.0136,1817.625,,,0.41,0.738,1800,0.005,0,2,4.9,17.2033,3510.875,0.0225,0.0409,1817.75,-0.01,-0.0182,1822,10799.55,19050.4062,1764,2.5,4.5494,1819.75,0.1575,0.2866,1819.625,0.0275,0.05,1818.25,0.15,0.2731,1820.75,691.8125,1208.51,1746.875,0.215,0.3913,1820,0.0025,0.0046,1820.25,0.45,0.8184,1818.75,0.035,0.1154,3297.375,1.1,4.3446,3949.625,28.98,114.3768,3946.75,115.75,457.3283,3951,0.855,3.3767,3949.375,10.77,42.5159,3947.625,0.0775,0.3062,3951.125,-0.6,-2.368,3946.75,2.8025,11.0699,3950,0.25,0.9874,3949.75,0.45,1.7776,3950.125,0.065,0.2568,3951,0.295,0.9741,3302.125,0.2725,0.3284,1205.125,0.0175,0,2.5,-0.0025,-0,0.75
5.34,14.7025,108.7011,7393.375,-0.0025,-0,1.25,-0.0525,-0.0001,2,-0.025,-0,1.75,8.0075,36.8225,4598.5,1.8225,3.2885,1804.375,10.2075,10.7498,1053.125,2.25,2.0692,919.625,1.65,0.8333,505,-0.02,-0,0.75,-0,-0,0.875,0.01,0.0182,1821.625,0.0275,0,1.125,-0.2,-0.0002,0.875,50.73,65.8222,1297.5,0.115,0.3413,2967.875,7.685,13.809,1796.875,0.0025,0.0045,1816.625,,,4.1375,7.4532,1801.375,0.055,0,0.5,7.2,25.2477,3506.625,0.015,0.0273,1818.625,0.0575,0.1048,1822.125,10798.85,19047.8215,1763.875,2.55,4.6391,1819.25,0.16,0.2908,1817.75,0.025,0.0455,1818.125,-0.35,-0.6374,1821.25,692.4725,1210.4419,1748,0.2125,0.3867,1819.625,0.0175,0.0318,1819.75,0.5,0.9083,1816.625,0.035,0.1155,3301,1.05,4.1483,3950.75,29.5225,116.4995,3946.125,113.7,449.1576,3950.375,0.8325,3.2892,3951,10.9225,43.1097,3946.875,0.0325,0.1283,3946.75,0.6,2.3699,3949.875,2.7975,11.0501,3950,0.05,0.1974,3947.75,0,0,3948.75,0.0725,0.2861,3945.875,2.495,8.2441,3304.25,0.345,0.4157,1205,0.015,0,2.375,0.0175,0,2.25
5.436,15.4575,114.2734,7392.75,0.0075,0,0.75,-0.04,-0,0.75,-0.04,-0,0.875,8.045,36.9889,4597.75,2.2975,4.1415,1802.625,6.895,7.2613,1053.125,4.75,4.3783,921.75,1.55,0.7847,506.25,-0.0125,-0,1.625,-0.0025,-0,1.375,0.0075,0.0137,1820.25,-0.02,-0,0.5,-0.05,-0.0001,1,53.7875,69.9237,1300,0.075,0.2226,2968.375,7.695,13.8327,1797.625,0.0275,0.0499,1815.5,,,1.15,2.0733,1802.875,-0.03,-0,0.75,3.25,11.4128,3511.625,0.0475,0.0864,1819.25,0.0375,0.0683,1822.375,10799.2,19047.089,1763.75,1.15,2.0939,1820.75,0.2075,0.3771,1817.375,0.035,0.0636,1818,-0.65,-1.1842,1821.875,691.85,1208.7484,1747.125,0.0675,0.1229,1820.625,0.0125,0.0227,1819.875,0.1,0.1817,1816.875,0.02,0.066,3300.5,0.8,3.156,3945,30.2625,119.4045,3945.625,123.7,488.3521,3947.875,0.8875,3.5032,3947.25,10.8675,42.8736,3945.125,0.04,0.1579,3948.125,-0.45,-1.7761,3946.875,3.0225,11.9275,3946.25,0.45,1.7762,3947,0.3,1.1839,3946.25,0.0175,0.0691,3949,0.2975,0.9828,3303.5,0.2975,0.3582,1204,0.0375,0,1.25,-0.0475,-0.0001,1.75
5.532,14.9175,,7394.625,0.015,,2.25,0.005,,1.625,-0.005,,2.25,7.9925,,4599.875,2.1875,,1802.875,8.505,,1053.125,3.05,,922.125,0.8,,506.5,0,,1.375,-0.0525,,1.375,0.0125,,1822,0.02,,1.5,-0.3,,1.375,52.7075,,1299,0.0925,,2965.5,7.7025,,1795.625,0.0475,,1818.375,,,0.72,,1801.125,-0.005,,1270,5.65,,3506.5,0.0275,,1818.5,0.05,,1821.25,10798.1,,1763.25,2.75,,1818.75,0.175,,1818.625,0.0475,,1818.25,-0.3,,1819.75,692.2725,,1749.125,0.205,,1820.5,0.005,,1821.75,0,,1818,0.035,,3298.375,1.35,,3933.375,29.8325,,3934.375,137.6,,3940.125,0.895,,3937.5,10.9625,,3937.375,0.02,,3936.25,0.15,,3935.625,2.7325,,3937.375,-0.35,,3939.25,0,,3936.375,0.1,,3934.75,0.22,,3303.75,22.6775,,1203.25,0.0175,,1.375,-0.01,,2
5.628,12.6775,93.7517,7395.125,0.0225,0,1.125,-0.0025,-0,2,-0.02,-0,1.625,8.0375,36.9594,4598.375,1.9975,3.6017,1803.125,7.7325,8.1423,1053,4.05,3.7306,921.125,1.4,0.7096,506.875,0.0075,0,0.5,0.01,0,0.25,-0.005,-0.0091,1821.625,-0.005,-0,2,0.2,0.0004,1.75,52.24,67.9316,1300.375,0.08,0.2375,2968.5,6.9025,12.4055,1797.25,0.0125,0.0227,1817.25,,,0.7525,1.3556,1801.5,0.05,0.1265,2530.75,6.15,21.5819,3509.25,0.045,0.0818,1817.625,0.015,0.0273,1820,10799.55,19053.1061,1764.25,2.85,5.1838,1818.875,0.2075,0.3775,1819.125,0.0375,0.0682,1818.375,-0.1,-0.1821,1820.625,692.3775,1209.4969,1746.875,0.1275,0.2318,1817.75,-0.0125,-0.0228,1821,0.7,1.2736,1819.5,0.03,0.0988,3291.75,0.6,2.3697,3949.5,25.52,100.804,3950,114.8,453.5748,3951,0.83,3.2792,3950.875,10.85,42.8589,3950.125,0.005,0.0198,3950.875,-0.2,-0.7907,3953.75,3.01,11.8951,3951.875,0.65,2.5686,3951.625,0.95,3.7545,3952.125,0.03,0.1185,3948.5,0.2575,0.8506,3303.125,0.3675,0.4409,1199.625,0.01,0,0.75,-0.0025,-0,0.875
5.724,14.8725,109.9617,7393.625,0.005,0,0.5,-0.0175,-0,0.875,-0.005,-0,2.125,8.0525,37.0204,4597.375,2.1175,3.8171,1802.625,6.65,7.0116,1054.375,2.9,2.6778,923.375,0.95,0.4818,507.125,0.03,0,1,-0.0175,-0,1.125,-0.005,-0.0091,1822.25,-0.0125,-0,1.5,0.6,0.0022,3.625,50.095,64.9795,1297.125,0.0825,0.2448,2967.375,7.75,13.9374,1798.375,0.0275,0.05,1819.125,,,1.4625,2.6354,1802,0.315,0.7992,2537.125,4.45,15.6178,3509.625,0.0175,0.0318,1818.5,0.0275,0.0501,1820.875,10800.2,19029.9524,1762,1.4,2.5464,1818.875,0.17,0.3093,1819.625,0.0175,0.0318,1818.375,-0.85,-1.5466,1819.5,692.315,1210.3397,1748.25,0.095,0.1729,1820.5,-0.0075,-0.0137,1821.5,1.2,2.1829,1819.125,0.0025,0.0083,3302.75,0.55,2.1728,3950.5,29.7975,117.6703,3949,106.95,422.7867,3953.125,0.88,3.4757,3949.625,10.8175,42.7291,3950,0.115,0.4543,3950.75,0.1,0.3948,3948.25,2.9125,11.5044,3950,0.4,1.5822,3955.375,0.6,2.371,3951.75,0.105,0.4148,3950.5,0.25,0.8255,3302.125,0.3775,0.4536,1201.625,0.0175,0,1.5,-0.0275,-0,1
5.82,14.6675,108.4698,7395.25,-0.0275,-0,0.25,-0.06,-0.0001,1.75,-0.0225,-0,0.5,8.055,37.058,4600.625,1.7575,3.1697,1803.5,10.895,11.482,1053.875,2.3,2.1177,920.75,1.45,0.7333,505.75,0.01,0,1,-0.0275,-0,1.375,0.0075,0.0137,1821.125,-0.0175,-0,1,0.15,0,0.25,51.4975,66.8502,1298.125,0.0625,0.1855,2968.625,7.705,13.8449,1796.875,0.005,0.0091,1817.75,,,4.8225,8.6865,1801.25,0.15,0.3804,2535.875,6.25,21.9289,3508.625,0.0275,0.05,1819.375,0.005,0.0091,1821.75,10799.3,19041.8657,1763.25,1.75,3.185,1820,0.195,0.3543,1817.125,0.0025,0.0045,1818,-0.3,-0.5463,1820.875,693.155,1210.8551,1746.875,0.19,0.3457,1819.25,0.04,0.0728,1819.375,0.5,0.9094,1818.75,0.0375,0.1236,3297.125,1.4,5.5309,3950.625,26.035,102.7569,3946.875,117.15,462.6107,3948.875,0.8775,3.4667,3950.625,10.7825,42.5801,3949,0.0075,0.0296,3945.125,-0.6,-2.3691,3948.5,2.915,11.5128,3949.5,-0.25,-0.9868,3947.375,-0.15,-0.5925,3950.25,0.0775,0.3057,3944.5,8.545,28.1985,3300,0.2375,0.2851,1200.5,-0.0025,-0,1.625,0.0025,0,0.5
5.916,17.1,126.4182,7392.875,0.015,0,2,-0.0025,-0,1.625,0,0,0.5,8.0675,37.0923,4597.75,2.4575,4.4312,1803.125,9.4875,9.9903,1053,3.8,3.506,922.625,1.8,0.9086,504.75,-0.015,-0,1.125,0.005,0,1.625,-0.02,-0.0364,1821.5,0,0,1.875,0.5,0.0008,1.625,55.055,71.5233,1299.125,0.08,0.2373,2966.75,8.4775,15.2394,1797.625,-0.0025,-0.0045,1815.375,,,1.5175,2.733,1801,0.035,0.0886,2530.875,4,14.0435,3510.875,0.055,0.1,1818.625,-0.005,-0.0091,1821.5,10798.85,19059.9702,1765,2,3.6372,1818.625,0.2075,0.3773,1818.375,0.0225,0.0409,1818.125,0.35,0.6381,1823.25,692.8375,1209.4345,1745.625,0.1125,0.2045,1818.125,0.0325,0.0591,1819.875,0.9,1.6383,1820.375,-0.0025,-0.0083,3300.125,1.9,7.4976,3946.125,34.4625,135.8899,3943.125,127.85,504.8317,3948.625,0.9075,3.5808,3945.75,10.81,42.6265,3943.25,-0.0025,-0.0099,3943.375,-0.1,-0.3944,3943.625,2.69,10.6174,3947,-0.45,-1.775,3944.5,0.15,0.5922,3948,0.045,0.1775,3945.125,0.45,1.4865,3303.375,0.3125,0.3757,1202.25,0.015,0,1.375,0.0225,0,1.25
6.012,14.745,,7392.25,0.0175,,1,-0.0425,,1.625,-0.045,,2,8.0175,,4601.25,1.695,,1802.375,9.4925,,1052.25,3.25,,922.125,0.95,,504.625,0.015,,1.125,-0.0225,,2,0.0025,,1821.875,0.015,,1.5,0,,0.875,49.7525,,1299,0.0725,,2965,7.7075,,1796.75,0.0275,,1817.375,,,0.7,,1802,0.0125,,2537.625,4.85,,3510.625,0.0325,,1817.625,0.02,,1820.75,10798.55,,1762.375,1.95,,1819.125,0.2375,,1819.875,-0.0075,,1818.875,0.35,,1820.5,691.9225,,1747.75,0.1575,,1819.375,-0.01,,1820.75,0.1,,1820,0,,3298,1.45,,3952.625,29.7125,,3949.375,112.7,,3952.375,0.9175,,3951.625,10.845,,3950.375,0.0775,,3950.125,0.45,,3951.75,3.025,,3950.25,0.5,,3951.625,0.25,,3951.75,0.07,,3947.375,0.24,,3303.125,0.3675,,1200.25,0.0275,,0.75,0.01,,1.75
6.108,13.6825,,7395.125,0,,1,-0.0225,,0.5,-0.0125,,0.25,8.0475,,4600,1.9875,,1803.125,6.735,,1053.75,2.95,,920.25,1.15,,506.25,0.0025,,1.875,0.0375,,0.5,0.0075,,1819.625,0.03,,0.25,0.35,,1.875,46.5875,,1300,0.0175,,2967.5,6.885,,1794.75,0.01,,1816.5,,,1.1425,,1801.75,0.0325,,2536.125,6.75,,3506.5,0.06,,1816.25,0.04,,1820.875,10798.7,,1763.125,2.05,,1819,0.22,,1819.875,0.03,,1817.5,0,,1820.25,692.3775,,1746.625,0.1925,,1819.125,0.0075,,1820.5,0.2,,1816.125,0.03,,3294.375,0.6,,3948.875,29.105,,3949,116.4,,3952.375,0.9125,,3950.75,10.8475,,3947.5,-0.0175,,3951.125,-1.05,,3951.75,3.18,,3951.75,0.7,,3951.125,0.5,,3952.625,-0.0225,,3949.25,0.2875,,3304.125,0.335,,1200,0.015,,0.25,0.0025,,1.125
6.204,14.75,109.0338,7392.125,0.0275,0,0.25,-0.005,-0,1.375,-0.0425,-0.0001,2,8.0025,36.7945,4597.875,1.78,3.2098,1803.25,11.355,11.9625,1053.5,1.95,1.793,919.5,0.1,0.0504,504.375,-0.0025,-0,1.125,0.005,0,1.375,0.005,0.0091,1822.25,-0.015,-0,2.25,-0.1,-0.0001,0.625,52.88,68.6316,1297.875,0.065,0.193,2968.75,7.7,13.8215,1795,0,0,1817.125,,,1.615,2.9084,1800.875,-0.0975,-0.1332,1366.375,4.6,16.146,3510,0.0575,0.1046,1819.375,-0.0025,-0.0046,1820.75,10798.05,19046.4104,1763.875,2.1,3.8191,1818.625,0.1825,0.3316,1817.125,0.06,0.1091,1817.875,-0.2,-0.3638,1819,691.32,1206.5262,1745.25,0.0775,0.141,1819.25,0.02,0.0364,1822.125,0.05,0.091,1819,0.0275,0.0907,3297.875,0.65,2.5675,3950,29.54,116.5944,3947,110.05,434.8488,3951.375,0.855,3.3753,3947.75,10.7575,42.4451,3945.625,0.03,0.1183,3944.75,-0.45,-1.7767,3948.125,3.13,12.3615,3949.375,0.8,3.1587,3948.375,0.65,2.5681,3950.875,0.065,0.2563,3943.375,2.52,8.3236,3303,0.3025,0.3645,1204.875,-0.0075,-0,3.375,0.015,0,0.75
6.3,12.6275,93.3819,7395.125,-0.0125,-0,1.125,-0.0175,-0,0.75,-0.0275,-0.0001,3.25,8.0825,37.1664,4598.375,2.1275,3.838,1804,7.425,7.8362,1055.375,4.2,3.8735,922.25,0.55,0.2782,505.75,0.025,0,1.25,0.0175,0,0.5,0.01,0.0182,1820.375,0.0275,0,1.375,0.05,0.0001,1.625,45.5675,59.2321,1299.875,0.0825,0.2447,2966.5,7.695,13.825,1796.625,-0.01,-0.0182,1815.875,,,4.825,8.6796,1798.875,-0.025,-0.0023,91.375,9.8,34.4017,3510.375,0.0675,0.1228,1819.5,0.0275,0.0501,1821,10797.3,19051.8358,1764.5,2.45,4.4566,1819,0.1675,0.3048,1819.5,0.0475,0.0864,1819.375,0.4,0.7277,1819.125,691.545,1208.7342,1747.875,0.2075,0.3778,1820.625,0.025,0.0455,1821.5,0.1,0.1816,1816.25,0.0125,0.0412,3295,1.3,5.128,3944.625,26.1925,103.3556,3946,126.45,498.9243,3945.625,0.875,3.453,3946.25,11.075,43.6936,3945.25,0.01,0.0395,3947.625,0.15,0.592,3947,2.81,11.0988,3949.75,1.1,4.3366,3942.375,0.3,1.1837,3945.625,0.085,0.3355,3947,4.34,14.3253,3300.75,0.305,0.3682,1207.25,0.015,0,1.625,0.0125,0,1.125
6.396,17.1825,127.056,7394.5,0.015,0,1.5,-0.0175,-0,0.5,-0.035,-0,1.125,8.065,37.0909,4599,2.2925,4.1382,1805.125,7.3975,7.8053,1055.125,3.35,3.0912,922.75,1.7,0.86,505.875,0.015,0,1.375,0.005,0,0.5,0.0125,0.0228,1822.25,0.0325,0,1.5,-0.2,-0.0003,1.375,62.785,81.4949,1298,0.0575,0.1707,2968,8.5425,15.3455,1796.375,0.005,0.0091,1817.25,,,0.4225,0.7603,1799.625,0.0225,0.0002,8.5,4.7,16.5017,3511,0.0325,0.0591,1818.5,0.0275,0.0501,1820.875,10799.3,19024.3169,1761.625,2.6,4.731,1819.625,0.19,0.3458,1820.25,0.0275,0.05,1817.875,-0.6,-1.0917,1819.5,692.0775,1209.9245,1748.25,0.1875,0.3415,1821.25,-0.0025,-0.0046,1824.75,0.25,0.4546,1818.375,0,0,3296.75,1.1,4.341,3946.375,34.205,134.896,3943.75,115.2,455.1264,3950.75,0.8825,3.4826,3946.25,10.7525,42.4428,3947.25,0.015,0.0592,3946.75,0.4,1.5788,3946.875,2.5625,10.1142,3947,0.5,1.9746,3949.125,0.1,0.3951,3951.375,0.0375,0.148,3946,0.21,0.6937,3303.125,0.3175,0.383,1206.25,0.03,0.0001,2,0.015,0,1
6.492,14.2475,,7392.5,-0.0125,,0.875,-0.0225,,2,-0,,1.375,8.1025,,4597.5,1.895,,1801.625,12.1525,,1055.125,3.65,,922.375,2.8,,506.5,-0.01,,1.625,-0.0125,,1.125,0.0125,,1820.25,0,,1.125,0.2,,1.875,49.8825,,1299,0.0775,,2964.125,7.34,,1797.375,-0.005,,1816.125,,,0.575,,1801,-0.01,,3.25,7.85,,3512.875,0.03,,1818.5,0.0275,,1820.875,10798.25,,1762.375,1.75,,1818.125,0.19,,1818.5,0.03,,1820.375,0.65,,1821.375,691.0125,,1746.875,0.1225,,1817.25,0.0225,,1822.25,-0.85,,1818.125,7.7725,,3296.75,1.2,,3946.75,26.7125,,3948.375,128.35,,3948.375,0.8225,,3948,10.8225,,3948,0.1475,,3946.125,-0.5,,3949.5,2.8125,,3949.375,1.2,,3949.625,0.3,,3948,0.0175,,3945.875,0.18,,3302,0.295,,1206.625,0.0075,,1.25,-0.0125,,1.125
6.588,14.795,,7393.375,-0.02,,1.375,-0.0175,,2,-0.0275,,2.375,8.045,,4599,2.0075,,1801.625,5.6025,,1053.125,3.35,,921.875,2.05,,504.875,-0.0125,,1.25,0,,1.625,0.0575,,1821.25,-0.0325,,0.625,0.15,,1.75,48.7925,,1297.5,0.05,,2968.375,6.9375,,1796.625,0.015,,1814.75,,,0.9625,,1800.125,0.0175,,1.75,5.6,,3508.25,0.03,,1817.5,0.0425,,1822,10798.75,,1764.875,1.95,,1819.375,0.19,,1820.875,0.02,,1816.75,0.8,,1820,691.3775,,1747.625,0.2275,,1819.75,0,,1820.375,0.3,,1817.625,4.7975,,3297.5,0.8,,3951.25,29.71,,3947.625,109.25,,3953.375,0.8525,,3949.625,10.73,,3948,0.02,,3950.625,0.15,,3951.625,2.9275,,3951.625,0.15,,3951.75,0.9,,3952.875,0.0475,,3949.375,0.27,,3303.625,0.2975,,1205.375,-0.0025,,1.875,0.0125,,2.875
6.684,14.76,109.1299,7393.625,-0.0275,-0,1.375,0.01,0,3.5,-0.0325,-0,1.375,8.08,37.1468,4597.375,1.725,3.1106,1803.25,9.715,10.2348,1053.5,3.35,3.0874,921.625,1.85,0.9338,504.75,-0.015,-0,1.875,0.0325,0,0.25,0.0375,0.0682,1818.125,0.0125,0,0.5,0.5,0.0007,1.375,49.84,64.7795,1299.75,0.045,0.1335,2967.125,7.75,13.9093,1794.75,0.0425,0.0772,1816.875,,,2.095,3.771,1800,0.0125,0,1.125,5.2,18.2494,3509.5,-0.0025,-0.0045,1819.25,0.025,0.0455,1821.5,10798.75,19039.5461,1763.125,2.1,3.8186,1818.375,0.1775,0.323,1819.625,0.0325,0.059,1816.875,0.4,0.7277,1819.125,691.8,1209.9582,1749,0.12,0.2187,1822.375,-0.0125,-0.0227,1818.25,0.95,1.727,1817.875,0.0175,0.0578,3300.375,2.25,8.8852,3949,29.8375,117.8432,3949.5,110.25,435.6667,3951.625,0.9125,3.6048,3950.5,10.895,43.0121,3947.875,0.0425,0.1678,3948.375,-0.2,-0.7899,3949.25,2.6475,10.451,3947.5,0.25,0.9877,3950.875,0.75,2.9632,3950.875,0.03,0.1184,3947.25,3.9425,13.0147,3301.125,0.29,0.3498,1206.25,-0.0125,-0,2.625,0.0275,0,1.375
6.78,13.085,96.7783,7396.125,-0.0175,-0,1,-0.045,-0.0001,2,-0.0125,-0,1.625,8.0975,37.2394,4598.875,2.2025,3.9678,1801.5,8.0075,8.4369,1053.625,3.35,3.0904,922.5,1.25,0.6297,503.75,-0.0375,-0,0.5,-0.02,-0,0.875,0.0275,0.0501,1821.375,-0.0175,-0,1,0.15,0.0001,0.75,46.235,60.0824,1299.5,0.1175,0.3487,2967.25,6.9075,12.4119,1796.875,0.0125,0.0227,1816.5,,,3.4425,6.1991,1800.75,0.035,0.0001,4,12.5,43.8516,3508.125,0.06,0.1091,1818.375,0.0125,0.0228,1820.25,10798.6,19048.7304,1764,1.4,2.5476,1819.75,0.1775,0.3227,1818,0.045,0.0818,1818.5,-0.25,-0.4559,1823.75,692.085,1209.9376,1748.25,0.1425,0.2591,1818,0.055,0.1002,1821.25,0.25,0.4549,1819.5,0.035,0.1153,3295.625,0.95,3.7477,3945,29.075,114.7009,3945,122.1,481.8829,3946.625,0.9275,3.6614,3947.625,10.9275,43.1104,3945.125,0.0825,0.3255,3945.25,-0.1,-0.3946,3946.125,2.9875,11.7913,3946.875,0.55,2.1693,3944.25,0.7,2.764,3948.625,0.025,0.0986,3945.625,0.28,0.9253,3304.75,0.3275,0.3952,1206.75,-0.015,-0,2.5,0.0225,0,1.125
6.876,16.94,125.2544,7394,-0.0125,-0,0.75,-0.025,-0.0001,2.375,0.0075,0,1.375,8.0275,36.9215,4599.375,2.1875,3.943,1802.5,10.09,10.626,1053.125,3.4,3.1357,922.25,1.15,0.5802,504.5,0.005,0,1.5,0.025,0,1.125,-0.0025,-0.0046,1820.875,0.015,0,1.375,0.15,0.0001,0.875,59.6775,77.4689,1298.125,0.0775,0.23,2967.5,8.5875,15.436,1797.5,0.0175,0.0318,1815.75,,,0.7275,1.3098,1800.375,0.0025,0,1.75,13.8,48.4363,3509.875,-0.0025,-0.0045,1816,-0.0325,-0.0592,1820.25,10798.75,19047.6452,1763.875,1.9,3.4547,1818.25,0.1575,0.2865,1819,0.01,0.0182,1820,-0.35,-0.6372,1820.625,692.1675,1210.4279,1748.75,0.2175,0.3956,1818.625,0.015,0.0273,1819.375,1.3,2.3626,1817.375,0.015,0.0495,3300,0.55,2.1697,3944.875,33.9075,133.6464,3941.5,123.8,488.8088,3948.375,0.88,3.4725,3946,10.7775,42.5132,3944.625,0.045,0.1774,3943.25,-0.25,-0.9862,3944.625,2.8575,11.2728,3945,0.35,1.3805,3944.375,0.4,1.5786,3946.5,0.0825,0.3255,3945.75,0.215,0.7103,3303.625,0.3475,0.4192,1206.375,0.0175,0,1.75,0.0125,0,0.5
6.972,12.7525,94.2569,7391.25,0.0275,0,0.75,-0.02,-0,1.375,-0.045,-0.0001,1.5,8.0625,37.0865,4599.875,2.0125,3.6258,1801.625,6.59,6.9475,1054.25,1.9,1.748,920,1.2,0.6064,505.375,0.03,0,1.375,-0.005,-0,1.875,0.0275,0.0501,1821.375,0,0,1.125,0.1,0.0002,1.75,45.1525,58.5346,1296.375,0.0575,0.1706,2967,6.9375,12.471,1797.625,0.025,0.0454,1815.625,,,0.685,1.2343,1801.875,-0.0125,-0,2.25,9.55,33.5312,3511.125,0.0025,0.0045,1819.375,0.0075,0.0137,1821.875,10797.4,19052.0123,1764.5,1.55,2.8187,1818.5,0.155,0.2816,1817,-0.0275,-0.05,1817.625,-0.45,-0.8189,1819.75,691.5325,1208.1073,1747,0.07,0.1274,1819.625,0.015,0.0273,1821.125,0.6,1.0903,1817.125,0.005,0.0165,3299.25,2.15,8.4925,3950,26.585,105.034,3950.875,113.8,449.8372,3952.875,0.8875,3.508,3952.625,10.9525,43.261,3949.875,-0.02,-0.079,3948.25,0.1,0.3952,3951.875,2.7175,10.7406,3952.375,0.7,2.7634,3947.75,0.65,2.5669,3949,0.08,0.3159,3948.875,0.27,0.8916,3302.375,0.3575,0.4308,1205.125,-0.0175,-0,0.875,0,0,0.5
7.068,14.7525,,7393.375,0,,2.25,-0.045,,2,-0.0375,,2,8.0325,,4596.875,1.745,,1804.25,9.865,,1053.75,3.35,,920.875,0.7,,504.875,0.0025,,0.75,0.0225,,0.25,0.02,,1820,-0.025,,1.375,-0.75,,2.25,54.52,,1296.125,0.04,,2967.125,7.6875,,1798.25,-0.025,,1816.125,,,0.4175,,1800.875,0.01,,2.25,4.05,,3512.5,0.0175,,1820,0.01,,1820.5,10798.95,,1763.5,1.85,,1817.75,0.2075,,1819.25,0.0175,,1817.75,-0.1,,1819,691.6525,,1748.25,0.215,,1820.5,-0.0075,,1819.5,0.65,,1819.5,0.0575,,3297,0.8,,3951.625,29.535,,3948.625,108.7,,3953.125,0.91,,3950.125,10.78,,3949.75,0.0225,,3950,-0.25,,3951.625,2.9825,,3950.5,0.8,,3947.125,0.5,,3951.75,0.075,,3951.125,0.1875,,3303.5,0.3175,,1203.75,-0.01,,1.375,-0.0125,,1
7.164,12.7775,94.4896,7395,0.005,0,1.875,-0.045,-0.0001,3.25,-0.0275,-0,1.375,8.0075,36.8145,4597.5,1.6725,3.0141,1802.125,7.055,7.4448,1055.25,3.5,3.2274,922.125,0.2,0.101,505,-0.0075,-0,0.625,0.0025,0,2,-0.0225,-0.041,1822.5,0.0375,0,0.75,-0.05,-0.0001,2.5,50.7575,65.9403,1299.125,0.0525,0.1558,2967.75,7.695,13.8154,1795.375,0.04,0.0727,1817.25,,,1.7275,3.1101,1800.375,-0.0225,-0.0001,2.5,5.25,18.419,3508.375,0.01,0.0182,1818.25,0.0375,0.0683,1822.25,10799.45,19042.1302,1763.25,1.15,2.0919,1819,0.2075,0.3774,1819,-0.0175,-0.0318,1818.375,0.15,0.2732,1821.125,691.575,1208.0951,1746.875,0.22,0.4005,1820.5,-0.0225,-0.0409,1819,0.85,1.5459,1818.75,0.0025,0.0082,3295.25,1.55,6.1237,3950.75,25.9075,102.3281,3949.75,113.65,449.0169,3950.875,0.8125,3.2098,3950.5,10.8025,42.6807,3951,0.1025,0.4047,3948.625,-0.25,-0.9876,3950.25,2.94,11.6163,3951.125,0.6,2.3692,3948.625,0.5,1.9753,3950.5,0.07,0.2765,3950.25,1.945,6.4219,3301.75,0.31,0.3732,1204,0,0,1.625,-0.0075,-0,1.375
7.26,14.735,108.9009,7390.625,-0.0075,-0,1.375,-0.02,-0,2,-0.0075,-0,0.875,8.075,37.1511,4600.75,2.0925,3.7751,1804.125,8.795,9.2567,1052.5,3.05,2.8033,919.125,1.5,0.7616,507.75,-0.025,-0,1.625,0.0475,0,0.75,0.0275,0.0501,1822.125,0.015,0,1,-0.25,-0.0002,0.875,49.5,64.2634,1298.25,0.0925,0.2746,2968.875,7.6775,13.807,1798.375,0.0475,0.0863,1817.625,,,3.295,5.9277,1799,0.005,0,0.5,4.8,16.842,3508.75,0.045,0.0819,1819.625,-0.01,-0.0182,1821.125,10798.55,19051.3418,1764.25,1.7,3.0925,1819.125,0.1875,0.3406,1816.375,0.0025,0.0045,1817.5,-0.05,-0.0911,1821,691.72,1209.1266,1748,0.1,0.1821,1821.25,0.02,0.0364,1820.25,0.65,1.182,1818.5,0.005,0.0165,3300.875,1.4,5.5223,3944.5,29.6175,116.767,3942.5,138.7,547.5876,3948,0.855,3.3734,3945.5,10.815,42.6855,3946.875,0,0,3947.125,-0.95,-3.7495,3946.875,3.075,12.1413,3948.375,0.25,0.9865,3946,1,3.9476,3947.625,0,0,3945.875,2.9275,9.671,3303.5,0.32,0.3856,1204.875,0.0025,0,1.25,0.035,0,0
7.356,15.3875,113.7925,7395.125,-0.005,-0,1.125,0.005,0,0.75,-0.0175,-0,1.75,8.115,37.33,4600.125,1.9525,3.5189,1802.25,10.75,11.3399,1054.875,4.05,3.7321,921.5,1.45,0.7317,504.625,-0.0025,-0,1.125,-0.0125,-0,1.25,0.0225,0.041,1822.25,0.0175,0,0.25,-0.25,-0.0003,1,58.9425,76.5884,1299.375,0.045,0.1336,2968.625,8.605,15.4729,1798.125,-0.015,-0.0273,1818.125,,,1.2825,2.3095,1800.75,-0.0125,-0,0.5,9.15,32.1142,3509.75,0.05,0.091,1820,0.025,0.0455,1819.625,10799.25,19047.1772,1763.75,2.1,3.8212,1819.625,0.195,0.3545,1818.125,0.01,0.0182,1818.5,0.15,0.273,1820,691.595,1208.6487,1747.625,0.195,0.3551,1821.25,0.04,0.0728,1821,0.4,0.7268,1817,0.015,0.0495,3299.5,1.9,7.4981,3946.375,29.395,115.9927,3946,116.65,460.6071,3948.625,0.915,3.6116,3947.125,10.7975,42.6191,3947.125,0.0225,0.0888,3945.75,0.25,0.9874,3949.625,3.085,12.1753,3946.625,0.4,1.5782,3945.375,0.65,2.5679,3950.625,0.06,0.2366,3943.625,0.2375,0.7844,3302.625,0.3075,0.3707,1205.5,-0.0175,-0,2.25,0.0175,0,0
7.452,14.455,106.8947,7395,0.04,0.0001,1.5,0.02,0,2.375,-0.01,-0,1.25,8.07,37.1008,4597.375,2.045,3.6856,1802.25,7.17,7.5644,1055,2.2,2.0273,921.5,1,0.5055,505.5,-0.02,-0,1.625,-0.0325,-0,1.125,0.02,0.0364,1820.875,-0.01,-0,1.375,0.5,0.0006,1.125,46.6675,60.6619,1299.875,0.0425,0.126,2965.875,6.9025,12.4003,1796.5,0.025,0.0455,1818.625,,,0.69,1.2436,1802.375,-0.0025,-0,2,7.45,26.1365,3508.25,0.0725,0.1319,1818.75,0.045,0.0819,1820.375,10798.45,19034.9677,1762.75,2.2,4.0032,1819.625,0.22,0.3999,1817.875,0.03,0.0546,1818.75,0.2,0.3644,1821.75,691.7875,1210.0228,1749.125,0.0975,0.1773,1818.5,-0.005,-0.0091,1818.875,-0.25,-0.4546,1818.375,0.045,0.1484,3297.875,1.35,5.332,3949.625,29.6975,117.2494,3948.125,122.55,484.1644,3950.75,0.8825,3.4857,3949.75,10.8975,43.0083,3946.625,0.115,0.4543,3950,0.95,3.7511,3948.5,2.9525,11.665,3950.875,1,3.9471,3947.125,0.05,0.1975,3950.125,0.085,0.3356,3948.125,0.225,0.7435,3304.25,0.3325,0.4005,1204.625,0.0325,0.0001,2.5,0.0375,0.0001,1.75
7.548,14.6725,,7393.375,-0.02,,0.5,0,,4.125,0.025,,0.5,8.055,,4599,1.7075,,1802.25,9.42,,1053.625,2.45,,921.125,1.75,,503.25,-0.0125,,0.875,-0.0025,,0.25,0.0225,,1822.75,0.0325,,2,-0.4,,2.5,51.9075,,1297.875,0.0525,,2968.125,7.7,,1797.5,-0.0075,,1817.5,,,0.4175,,1801,-0.04,,1.625,3.6,,3512.5,0.0225,,1819.125,0.075,,1821.25,10799.45,,1764.875,1.55,,1817.75,0.1925,,1818.5,0.025,,1819.125,0.6,,1820.375,692.165,,1747.125,0.15,,1821,0.0275,,1818.125,0.25,,1817.125,0.02,,3298.875,0.85,,3950.75,29.4575,,3950.25,103.9,,3953,0.8675,,3950.875,10.785,,3951.5,0.0475,,3950.5,0.65,,3951.125,2.815,,3952.5,0.8,,3955.375,0.1,,3954.25,0.05,,3949.25,0.2,,3305.25,0.2775,,1203.375,0.0175,,2.25,0.0125,,0.75
7.644,13.35,,7395.5,0.0175,,1.375,-0.0175,,0.75,-0.02,,1.375,8.075,,4597.25,2.0525,,1803.125,7.4,,1053.625,3.55,,921.625,-0.05,,504.875,-0.01,,0.75,0.0025,,0.75,0.0225,,1820.625,0.0075,,1,0.3,,1.625,45.115,,1300.75,0.0725,,2968.5,6.9125,,1796.875,0.01,,1817.5,,,3.095,,1802,0.02,,0.75,4.4,,3511.625,0.0225,,1820.25,0,,1821.625,10799.95,,1761.625,2,,1820.25,0.1975,,1820.5,0.0175,,1817,1.2,,1820,691.57,,1748.375,0.23,,1821.25,0.035,,1821.875,0.8,,1820.25,0.03,,3299.875,0.95,,3948.25,26.5675,,3947,115.65,,3951.625,0.91,,3950.125,10.8325,,3948.125,0.015,,3949.75,-0.6,,3948.375,2.78,,3950.75,0.5,,3951.375,0.85,,3950,0.0375,,3950.375,2.515,,3301.625,0.3025,,1204.625,-0.01,,1.5,0.0025,,2
7.74,14.7175,108.8286,7394.5,0.0025,0,1.5,-0.0625,-0.0001,1.375,-0.04,-0.0001,2.375,8.01,36.842,4599.5,2.3075,4.1578,1801.875,9.2125,9.7134,1054.375,3.3,3.0257,916.875,1.85,0.934,504.875,0.0125,0,1.625,-0.01,-0,0.5,-0.0275,-0.0501,1821.25,-0.01,-0,1.125,0.2,0.0004,2,54.5125,70.7572,1298,0.06,0.1781,2968.125,7.67,13.7744,1795.875,0.005,0.0091,1816.625,,,3.6825,6.6322,1801,-0.005,-0,2.25,7.3,25.613,3508.625,0.0125,0.0228,1820.375,0.0225,0.041,1820.625,10799.7,19046.6209,1763.625,1.9,3.4563,1819.125,0.19,0.3457,1819.625,0.02,0.0363,1816.375,0.3,0.5465,1821.625,691.425,1209.2159,1748.875,0.0775,0.1411,1820.25,-0.0225,-0.041,1823.375,0.5,0.9094,1818.75,0.0425,0.1403,3300.375,1.95,7.6937,3945.5,29.555,116.5464,3943.375,121.5,479.3782,3945.5,0.85,3.353,3944.75,10.83,42.7027,3943,0.035,0.1381,3945.5,0.8,3.1565,3945.625,3.4675,13.6836,3946.25,0.2,0.7896,3947.75,1.4,5.5261,3947.25,0.03,0.1184,3947.875,0.5025,1.6596,3302.625,0.3075,0.3712,1207.125,0.0225,0,1.5,-0.0425,-0,0.875
7.836,15.0425,111.2393,7395,0.025,0.0001,2.5,0,0,1.875,-0.06,-0.0001,2.125,8.0425,36.9925,4599.625,2.2225,4.008,1803.375,9.6125,10.1316,1054,3.75,3.4523,920.625,1.8,0.9097,505.375,0.0175,0,0.25,0.02,0,1,0.0125,0.0228,1823.75,-0.0025,-0,0.875,-0.75,-0.0022,2.875,53.605,69.5391,1297.25,0.0975,0.2893,2966.875,7.7125,13.8507,1795.875,0.0375,0.0681,1816,,,1.92,3.4608,1802.5,-0.0275,-0.0001,1.875,9.85,34.5637,3509,0.0325,0.0591,1818.375,0.045,0.082,1821.75,10800.55,19044.0698,1763.25,2.1,3.8199,1819,0.17,0.3094,1819.75,0.01,0.0182,1819.5,-0.35,-0.638,1822.75,692.54,1209.5211,1746.5,0.1875,0.3411,1819.25,-0.01,-0.0182,1818.625,0.25,0.4545,1818.125,0,0,3301.875,0.45,1.7763,3947.25,30.005,118.2947,3942.5,118,465.8345,3947.75,0.86,3.3956,3948.375,10.8225,42.7002,3945.5,0.0225,0.0887,3941.875,-0.15,-0.5921,3947.25,2.8425,11.2268,3949.625,0.2,0.789,3944.875,0.6,2.3686,3947.625,-0.0275,-0.1084,3941.875,0.2475,0.8174,3302.75,0.3175,0.3831,1206.75,-0.0175,-0,1.625,0.0125,0,1.125
7.932,14.8125,109.5181,7393.625,-0.0075,-0,1.375,-0.04,-0.0001,2.125,-0.0425,-0.0001,1.625,8.08,37.1518,4598,2.1,3.7866,1803.125,11.28,11.8863,1053.75,4.2,3.8703,921.5,1.95,0.9865,505.875,-0.025,-0,0.25,0.015,0,1.5,0.0475,0.0866,1822.625,-0.03,-0,1.5,0.15,0.0001,0.75,52.615,68.3535,1299.125,0.0275,0.0816,2966.75,7.7475,13.9232,1797.125,0.0525,0.0954,1817.625,,,1.125,2.0265,1801.375,-0.01,-0,2.625,7.7,27.027,3510,0.0375,0.0682,1818.875,0.0175,0.0319,1820.625,10799.3,19054.0149,1764.375,2.65,4.8177,1818,0.1625,0.2957,1819.625,0.0025,0.0045,1819.125,-0.4,-0.7286,1821.5,692.86,1211.8987,1749.125,0.2075,0.3783,1823,-0,-0,1823,-0.25,-0.454,1815.875,0.0375,0.1236,3296.125,0.55,2.1715,3948.125,29.86,117.9246,3949.25,116.85,461.4991,3949.5,0.9175,3.6241,3950,10.77,42.5173,3947.75,0.03,0.1184,3948.25,-1.15,-4.5422,3949.75,2.86,11.3006,3951.25,0.5,1.9748,3949.5,-0.05,-0.1975,3949.125,0.075,0.2962,3949,0.215,0.7102,3303.375,0.335,0.4047,1208.125,0.035,0,0.875,0.0025,0,1
8.028,14.8075,109.4922,7394.375,0,0,0.75,0.0175,0,0.75,-0.0525,-0.0001,2.125,8.075,37.145,4600,1.695,3.0544,1802,9.135,9.6203,1053.125,3.15,2.9114,924.25,2.2,1.1129,505.875,0.015,0,0.75,0.0325,0,0.625,0.045,0.082,1822,-0.0375,-0,0.25,0.45,0.0008,1.75,52.1675,67.7265,1298.25,0.0825,0.245,2969.5,7.6725,13.7827,1796.375,0,0,1815.625,,,1.82,3.276,1800,0.02,0,1.375,4.7,16.4988,3510.375,0.025,0.0455,1820.625,0.005,0.0091,1822.625,10799.85,19048.2354,1763.75,1.9,3.4575,1819.75,0.18,0.3273,1818.5,0.015,0.0273,1820,-0.2,-0.3639,1819.25,691.6675,1208.516,1747.25,0.1125,0.2048,1820.125,0.0175,0.0319,1820.125,1,1.8191,1819.125,0.0275,0.0908,3303.625,1.4,5.5337,3952.625,25.1575,99.3564,3949.375,104.4,412.902,3955,0.8025,3.1713,3951.75,10.8625,42.9123,3950.5,-0.0375,-0.1482,3951.875,-0.85,-3.3577,3950.25,2.9,11.4626,3952.625,0.75,2.9642,3952.25,0.25,0.9882,3952.625,0,0,3949.75,0.2775,0.9161,3301.375,0.355,0.428,1205.625,-0.0175,-0,1.375,-0.025,-0,1.625
8.124,14.8175,,7393.375,-0.035,,2.125,-0.0325,,1.125,-0.0275,,1.375,8.08,,4598.75,1.95,,1803.875,8.0175,,1055.625,2.25,,922.75,1.75,,504.875,-0.025,,1.375,-0.0225,,2.125,0.0025,,1821.125,0.005,,0.25,-0.45,,1.375,44.505,,1298.375,0.11,,2968.125,7.6575,,1798,0.0225,,1815,,,1.6675,,1803.625,0.0025,,2,4.6,,3512.375,0.0525,,1816.375,0.01,,1821.5,10799.05,,1762.75,1.5,,1819,0.1725,,1819.375,-0.0125,,1816.125,-0.45,,1821.875,693.4075,,1747.375,0.2125,,1821.25,0.0275,,1819.5,0.85,,1819,0.005,,3300.375,1.35,,3949.5,30.04,,3948,116.9,,3949,0.89,,3951.25,10.815,,3948.875,0.0575,,3951.875,0,,3949.25,2.86,,3949.75,0.1,,3947,0.8,,3949,0.055,,3949.625,2.5925,,3303.125,0.305,,1206.75,-0.0325,,1.125,-0.0175,,0.875
8.22,14.87,109.9674,7395.25,-0.0125,-0,0.875,-0.0175,-0,2.625,-0.0375,-0.0001,1.375,8.1025,37.2533,4597.75,2.1425,3.8632,1803.125,7.5275,7.949,1056,4.2,3.8771,923.125,1.9,0.96,505.25,0.02,0,1,0.0175,0,1,0.0325,0.0592,1821.375,-0.005,-0,0,-0.9,-0.0015,1.625,52.1925,67.909,1301.125,0.0775,0.23,2967.375,7.7375,13.8878,1794.875,0.045,0.0818,1818,,,2.5725,4.6337,1801.25,0.0225,0.0001,2.75,6.35,22.2798,3508.625,0.0225,0.041,1820.125,0.0525,0.0956,1821.75,10799.75,19037.2593,1762.75,2.55,4.6384,1819,0.1925,0.35,1818.25,0.025,0.0455,1818.375,0.4,0.7282,1820.625,692.1675,1210.0818,1748.25,0.11,0.2001,1819,0.0175,0.0318,1819.5,0.6,1.0908,1818,0.025,0.0823,3292.125,0.4,1.5784,3946,33.79,133.2593,3943.75,119.5,471.5022,3945.625,0.88,3.4721,3945.625,10.92,43.0726,3944.375,-0.0025,-0.0099,3945.25,0.15,0.5918,3945.625,3.2125,12.6769,3946.125,0,0,3945.25,0.15,0.5919,3946.125,0.055,0.2172,3948.375,1.1125,3.6757,3304,0.3375,0.4064,1204.25,-0.005,-0,1.625,-0.005,-0,1
8.316,14.83,109.6438,7393.375,-0.0225,-0,2,-0.0175,-0,1.5,-0.0125,-0,0.25,8.0575,37.0554,4598.875,2.0025,3.608,1801.75,7.565,7.9716,1053.75,4.15,3.8232,921.25,1.9,0.9626,506.625,-0.0525,-0.0001,1.75,0.02,0,1.125,0.04,0.0728,1821,-0.0375,-0,0.5,-0.1,-0.0001,1.25,53.905,70.0698,1299.875,0.0875,0.2598,2969.5,7.71,13.8491,1796.25,-0.01,-0.0182,1817.875,,,0.455,0.8199,1802,-0.0075,-0,1.375,7,24.5849,3512.125,0,0,1817.875,0.01,0.0182,1821,10800.25,19054.3411,1764.25,1.9,3.4582,1820.125,0.1825,0.332,1819.25,0.0275,0.05,1819.75,-0.65,-1.1837,1821,692.3475,1210.9158,1749,0.1525,0.2775,1819.625,0.0225,0.041,1821.375,-0.1,-0.1818,1818.125,1.49,4.9129,3297.25,0.7,2.7643,3949,29.79,117.6333,3948.75,114.85,453.8441,3951.625,0.9125,3.6046,3950.25,10.87,42.9202,3948.5,-0.04,-0.1579,3947.375,-0.25,-0.9875,3950,2.7825,10.9937,3951,0.5,1.9739,3947.75,0.3,1.1852,3950.625,0.01,0.0395,3945.875,0.2125,0.7022,3304.375,0.3475,0.419,1205.75,0.0075,0,2,-0.0175,-0,0.5
8.412,14.8475,109.801,7395.25,-0.03,-0.0001,2.375,-0.045,-0,0.75,-0.0825,-0.0001,1.125,8.0175,36.8655,4598.125,2.0275,3.6541,1802.25,9.7075,10.2475,1055.625,4.6,4.2504,924,1.2,0.6055,504.625,-0.035,-0.0001,1.625,0.0075,0,1.625,0.0575,0.1047,1820.125,0.005,0,1.75,-0.4,-0.0013,3.125,50.0125,65.0037,1299.75,0.04,0.1187,2967.75,7.745,13.9216,1797.5,0.065,0.118,1814.875,,,0.74,1.332,1800,0.005,0,0.5,11.45,40.1594,3507.375,0.0625,0.1137,1818.75,0.015,0.0273,1820.25,10798.95,19029.0998,1762.125,1.8,3.2735,1818.625,0.1675,0.3047,1818.875,0.025,0.0455,1819.75,0,0,1818.875,692.855,1211.1105,1748,0.2225,0.4043,1816.875,0.0025,0.0045,1820,0,0,1820.625,6.82,22.4676,3294.375,1.4,5.5281,3948.625,30.6625,121.0402,3947.5,119.55,472.2524,3950.25,0.8825,3.486,3950.125,10.78,42.5635,3948.375,-0.0025,-0.0099,3946.625,-0.1,-0.3949,3948.5,3.2375,12.7853,3949.125,0.1,0.3947,3946.875,-0.2,-0.79,3949.75,0.03,0.1184,3948.125,0.255,0.8418,3301.125,0.325,0.392,1206.25,0.02,0,1.5,-0.03,-0,0.75
8.508,12.66,93.608,7394,-0.04,-0,0.875,-0.0075,-0,0.5,-0.0325,-0,1.375,8.045,37.003,4599.5,1.7025,3.069,1802.625,7.5275,7.9462,1055.625,2.25,2.0804,924.625,1,0.5049,504.875,0.01,0,1.875,0.04,0.0001,1.875,0,0,1821.875,-0.0225,-0,1.25,-0.55,-0.0005,0.875,46.9725,61.0466,1299.625,0.0675,0.2003,2968,6.82,12.2419,1795,0.0225,0.0409,1818.125,,,0.72,1.2969,1801.25,0.0075,0,1.75,3.65,12.817,3511.5,0.03,0.0545,1817.125,0.0275,0.0501,1820.375,10798.95,19049.3478,1764,2.25,4.0933,1819.25,0.24,0.4364,1818.375,0.0275,0.05,1817,0.2,0.3646,1823.125,691.8825,1208.6322,1746.875,0.09,0.1636,1817.625,0.025,0.0456,1822.625,0.6,1.0913,1818.75,0.045,0.1486,3301.125,0.75,2.9637,3951.625,25.6175,101.2179,3951.125,105.55,417.2787,3953.375,0.8375,3.3102,3952.5,10.8275,42.7984,3952.75,-0.01,-0.0395,3950.125,0.35,1.3827,3950.625,3.14,12.4156,3954,0.1,0.3951,3950.5,0.3,1.1855,3951.75,0.0775,0.306,3948.625,0.8375,2.7663,3303,0.25,0.3018,1207.125,-0.02,-0,1.625,-0.0225,-0,1
8.604,14.9825,,7391.875,-0.0175,,1.875,-0.04,,2.125,-0.0375,,1.375,8.045,,4600.375,2.165,,1801.375,9.42,,1054.5,2.3,,919.75,1.1,,504.875,-0.0225,,1.875,0.0025,,0.625,0.0025,,1820.875,0.01,,0.25,-0.35,,0.75,52.3575,,1299.25,0.115,,2967.5,7.6875,,1796.625,0.0425,,1817.125,,,1.335,,1802.125,0.015,,0.5,4.45,,3511,0.0025,,1819.375,0,,1820,10798.1,,1765,3,,1818.375,0.1625,,1818.625,0.015,,1818.25,0.4,,1820.625,692.4875,,1747.375,0.185,,1819,0.0375,,1821.25,0.5,,1817.375,0.07,,3297.125,1.4,,3947.125,30,,3946,116.2,,3950.5,0.905,,3948.5,10.71,,3945.25,0.005,,3948.125,0.3,,3947,3.145,,3947.875,0.25,,3946,0.3,,3952,0.0425,,3950.5,1.2775,,3303.75,0.335,,1204.125,0.03,,2,0,,1.375
8.7,14.7275,,7392.25,-0.0225,,1.125,-0.0375,,2.25,-0.0275,,2.375,8.0375,,4599.875,2.055,,1803.5,10.095,,1053.625,3.2,,920.375,1,,505.75,-0.0075,,1,0.005,,1.625,0.0425,,1821.5,0.01,,0,0,,1.375,53.415,,1297.625,0.05,,2967.625,7.4825,,1796.875,0.0225,,1817.125,,,3.2675,,1801.75,0,,0.75,7.05,,3510.75,0.0075,,1818.875,0.0025,,1820.5,10798.7,,1763.375,2.4,,1820.125,0.16,,1818.375,0.0075,,1818.25,-0.2,,1820.25,692.0125,,1748.125,0.1875,,1821.25,0,,1818.375,0.15,,1818.75,0.0525,,3300.625,1.1,,3945.125,29.9225,,3945.375,117.9,,3949.25,0.8475,,3948.25,10.815,,3944.75,0.055,,3945.25,-0.55,,3946.625,2.715,,3946.5,0.4,,3944.625,0.8,,3948.875,0.075,,3944.375,0.665,,3300.875,0.325,,1205.25,0.0075,,2,0.025,,2.25
8.796,14.8625,109.8747,7392.75,-0.01,-0,1,-0.02,-0,1.25,-0.0675,-0.0002,2.5,8.0575,37.0413,4597.125,2.135,3.8515,1804,7.815,8.2292,1053,2.85,2.6256,921.25,1.75,0.8866,506.625,-0.0425,-0.0001,1.875,0.055,0.0001,1.875,0.0125,0.0228,1821.625,-0.03,-0,1,-0.25,-0.0004,1.75,53.11,68.9633,1298.5,0.075,0.2227,2969.75,7.725,13.8731,1795.875,0.015,0.0273,1817.25,,,1.035,1.8633,1800.25,0.03,0,1.375,14.8,51.9499,3510.125,0.0525,0.0954,1817.75,0.0375,0.0682,1819.625,10799.6,19051.8444,1764.125,1.9,3.4573,1819.625,0.2125,0.3865,1818.75,-0.0075,-0.0137,1821.125,-0.05,-0.091,1819.625,691.6275,1208.0139,1746.625,0.0475,0.0865,1821.5,0.025,0.0455,1819.25,0.6,1.0904,1817.375,0.04,0.1319,3296.625,1.9,7.4993,3947,29.9175,118.118,3948.125,120.4,475.5349,3949.625,0.91,3.593,3948.375,10.89,42.9924,3947.875,0.04,0.1578,3945.5,0.25,0.9871,3948.375,3.0425,12.0164,3949.5,0.45,1.7762,3947.125,0,0,3950.5,0.055,0.217,3945.625,0.2475,0.8173,3302.25,0.285,0.3439,1206.75,0.005,0,1.5,0.0025,0,1.5
8.892,15.385,113.7432,7393.125,-0.005,-0,2.125,0.005,0,1.375,-0.01,-0,1.625,8.065,37.098,4599.875,1.935,3.491,1804.125,9.4725,9.9982,1055.5,3.75,3.4556,921.5,2.25,1.1346,504.25,-0.0325,-0.0001,1.625,-0.03,-0,1.625,0.0025,0.0046,1821.125,0.03,0,1.125,-0.2,-0.0001,0.625,50.1275,65.2159,1301,0.085,0.2523,2967.875,7.7175,13.8626,1796.25,-0.03,-0.0545,1817.75,,,0.45,0.8105,1801.125,-0.0175,-0,1.625,8.35,29.3106,3510.25,0.0025,0.0045,1817.875,0.025,0.0455,1820.5,10799.6,19036.9949,1762.75,1.75,3.1833,1819,0.1775,0.3229,1819.125,0.05,0.0909,1817.25,-0.2,-0.364,1820,691.4225,1207.7423,1746.75,0.2,0.3638,1818.75,0.005,0.0091,1818.875,0.95,1.727,1817.875,0.0375,0.1237,3298.75,1.4,5.5295,3949.625,33.85,133.6652,3948.75,119.85,473.5573,3951.25,0.8275,3.267,3948,10.7925,42.629,3949.875,0.0375,0.148,3947.75,0.85,3.3559,3948.125,3.0375,11.9951,3949,0.05,0.1975,3950.75,0.5,1.9747,3949.375,0.08,0.316,3950,0.23,0.7598,3303.375,0.355,0.4288,1207.875,0.025,0,1.375,0.0075,0,0.875
8.988,12.6075,93.223,7394.25,0.0175,0,0.5,-0.005,-0,2.375,-0.065,-0.0001,1.625,8.0575,37.0585,4599.25,1.72,3.1029,1804,6.7225,7.0922,1055,3.45,3.1779,921.125,0.65,0.3284,505.25,-0.0175,-0,0.25,-0.0075,-0,0.75,-0.0075,-0.0137,1820,-0.0475,-0.0001,2,-0.75,-0.0013,1.75,46.28,60.2623,1302.125,0.065,0.1929,2967,6.845,12.2996,1796.875,0.005,0.0091,1816.5,,,0.6975,1.2562,1801,-0.0075,-0,2,4.2,14.7336,3508,0.0375,0.0682,1817.625,-0.01,-0.0182,1820.125,10798.7,19054.3062,1764.5,2.7,4.9086,1818,0.1925,0.3498,1817,0.0225,0.0409,1819,0.1,0.1819,1819,691.095,1207.1702,1746.75,0.16,0.2913,1820.375,0.0175,0.0318,1819.625,-0.6,-1.0919,1819.875,-0.0075,-0.0247,3294.75,1.2,4.7413,3951.125,25.175,99.4759,3951.375,106.55,421.0856,3952,0.8525,3.368,3950.75,10.8675,42.9416,3951.375,0.0475,0.1877,3951.625,0.1,0.3952,3952.5,2.5975,10.265,3951.875,-0.4,-1.5802,3950.375,-0.1,-0.3952,3952.125,0.04,0.1581,3951.625,0.255,0.8424,3303.375,0.35,0.4222,1206.25,-0.045,-0.0001,1.25,0.0625,0.0001,1.5
9.084,15.03,111.0867,7391,0.0275,0,1.25,0,0,1.5,0.005,0,1.125,8.025,36.901,4598.25,1.99,3.5895,1803.75,8.17,8.6061,1053.375,3.4,3.1361,922.375,1.15,0.5815,505.625,0.0125,0,2.25,-0.005,-0,1,0.01,0.0182,1821.625,0.01,0,1.125,-0.85,-0.0011,1.25,49.92,64.8211,1298.5,0.0675,0.2002,2965.25,7.755,13.9416,1797.75,-0.0075,-0.0136,1817.375,,,2.995,5.3865,1798.5,0.0425,0,1.125,3.95,13.8724,3512,-0.0075,-0.0137,1820.875,0.0475,0.0865,1820.375,10798,19020.677,1761.5,2.45,4.4587,1819.875,0.175,0.3185,1820,-0.005,-0.0091,1819.5,0.65,1.183,1820,692.1325,1208.9824,1746.75,0.135,0.2459,1821.5,0.03,0.0546,1819.875,0.5,0.9087,1817.5,0.0075,0.0247,3295,2.3,9.0767,3946.375,31.0525,122.5565,3946.75,115.1,454.904,3952.25,0.8875,3.5041,3948.25,10.785,42.5819,3948.25,0.0175,0.0692,3952,-0.4,-1.5797,3949.25,2.805,11.0773,3949.125,0.25,0.9871,3948.25,0.7,2.7653,3950.375,0.06,0.237,3949.875,2.48,8.1899,3302.375,0.3375,0.4068,1205.375,0.0175,0,1.625,0.0025,0,0.5
9.18,14.885,,7393.75,0.0125,,2.5,-0.0125,,1.125,-0.05,,1.625,7.98,,4596.25,1.8575,,1802.75,9.79,,1054.125,3.75,,920.75,0.9,,503.25,-0.0025,,1.125,0.0125,,1.125,0.0275,,1821.875,0.005,,1.375,0.95,,0.5,55.9075,,1296.875,0.0475,,2969.25,7.655,,1797.875,-0.005,,1817.375,,,3.88,,1800.75,-0.0225,,2.5,5.65,,3509,0.0125,,1818.125,0.03,,1821.875,10799.3,,1764.5,2.3,,1817.875,0.2075,,1817.75,0.0175,,1820,-0.35,,1820.875,691.625,,1749,0.1925,,1820,0.035,,1817.5,0.1,,1816.5,0.06,,3295.25,0.1,,3944.625,29.3825,,3944.375,120.5,,3948.375,0.9475,,3945.375,10.8675,,3944.5,0.02,,3943.75,0.35,,3945.375,2.725,,3947.25,0,,3948.375,0.45,,3946.5,0.055,,3945.75,4.0175,,3301,0.34,,1207.125,-0.0025,,1,0.035,,1
9.276,14.8825,110.071,7396,-0.0175,-0,0.75,-0.015,-0,0.5,-0.0175,-0,2,8.03,36.9239,4598.25,1.7325,3.1211,1801.5,8.6575,9.1174,1053.125,2.95,2.7151,920.375,1.05,0.5342,508.75,0.0075,0,1.375,-0.0075,-0,0.75,-0.01,-0.0182,1820.75,0.0275,0,1,0.25,0.0002,0.75,52.505,68.1449,1297.875,0.0775,0.23,2967.625,7.715,13.8648,1797.125,0.005,0.0091,1818.125,,,0.6925,1.2483,1802.625,-0.0075,-0,0.5,8.05,28.2646,3511.125,0.0225,0.0409,1818.125,0.0575,0.1047,1820.875,10799.15,19056.4501,1764.625,2.15,3.9095,1818.375,0.2125,0.3867,1819.625,0.03,0.0546,1820.125,0.5,0.9107,1821.5,691.62,1207.5685,1746,0.09,0.1637,1818.5,0.0225,0.0409,1819.125,0.9,1.6372,1819.125,0.025,0.0825,3298.25,1.1,4.3451,3950.125,29.6975,117.242,3947.875,117.45,464.1771,3952.125,0.83,3.2777,3949,10.8825,42.9696,3948.5,0.0275,0.1085,3947,0.45,1.7772,3949.25,2.585,10.2104,3949.875,0.85,3.3561,3948.375,0.75,2.9626,3950.125,0.065,0.2566,3948,0.1825,0.6028,3302.875,0.3625,0.4373,1206.25,0.02,0,1,-0.0175,-0,1.25
9.372,14.85,109.7953,7393.625,-0.0025,-0,1.125,-0.025,-0,1.125,-0.005,-0,0.75,8.055,37.058,4600.625,2.09,3.768,1802.875,9.4625,9.9936,1056.125,4.2,3.8766,923,1.05,0.5313,506,-0.025,-0,0.75,-0.0175,-0,1.5,0.015,0.0273,1821.5,0.05,0.0001,1.375,-0.25,-0.0003,1.25,53.81,69.8454,1298,0.1075,0.3191,2968.125,8.49,15.2608,1797.5,0.0175,0.0318,1817,,,0.4375,0.7886,1802.625,0.01,0,0.25,5.65,19.8414,3511.75,0.0125,0.0227,1816.25,0.0125,0.0227,1820,10798.55,19037.8436,1763,1.9,3.4561,1819,0.265,0.4826,1821,0.02,0.0364,1818.375,0,0,1820.625,692.5975,1211.0933,1748.625,0.1925,0.3502,1819,0.0175,0.0319,1821.375,-0.25,-0.4542,1817,0.0475,0.1567,3299.125,1.05,4.1471,3949.625,30.0625,118.6755,3947.625,115.05,454.7783,3952.875,0.8925,3.5262,3950.875,10.7425,42.4154,3948.375,0.02,0.079,3948.5,0.6,2.3702,3950.25,2.9325,11.5804,3949,0.15,0.5928,3951.75,0.9,3.5587,3954.125,0.025,0.0987,3946.625,0.1975,0.6523,3302.625,0.305,0.3679,1206.25,0,0,1.5,0.0175,0,1.75
9.468,12.58,93.0071,7393.25,0,0,1.625,-0,-0,2,-0.0425,-0,0.875,8.11,37.308,4600.25,1.7325,3.1272,1805,8.66,9.1266,1053.875,2.7,2.4864,920.875,1.4,0.7108,507.75,-0.0225,-0,1.25,-0.025,-0,0.75,0.05,0.091,1820.875,0,0,1,0.5,0.0003,0.5,46.87,61.0072,1301.625,0.095,0.2818,2966.25,6.885,12.3818,1798.375,-0.01,-0.0182,1818.125,,,1.9875,3.5755,1799,0.01,0,1.75,4,14.0445,3511.125,0.0325,0.0591,1820,0.08,0.1456,1820.125,10798.65,19035.3203,1762.75,1.9,3.4544,1818.125,0.205,0.3726,1817.625,0.015,0.0272,1815.75,-0.05,-0.091,1820.75,691.1175,1207.3823,1747,0.195,0.3549,1819.75,-0,-0,1821.625,-0.45,-0.818,1817.75,0.0075,0.0247,3297.875,0.2,0.7899,3949.5,25.24,99.6696,3948.875,115.8,457.2942,3949,0.85,3.3586,3951.25,10.8525,42.8687,3950.125,-0.02,-0.079,3951,-0.1,-0.395,3950,2.935,11.5966,3951.125,0.3,1.1855,3951.75,0.3,1.185,3949.875,0.0325,0.1284,3951.75,2.3925,7.8973,3300.875,0.325,0.3916,1204.875,-0.0175,-0,2,-0.01,-0,0.75
9.564,14.89,110.0594,7391.5,-0.0075,-0,0.5,-0.0325,-0.0001,3.25,-0.0075,-0,0,8.035,36.956,4599.375,1.9675,3.5459,1802.25,8.7675,9.2388,1053.75,4.25,3.9127,920.625,1.75,0.8829,504.5,0.0525,0.0001,1.5,-0.005,-0,1.375,-0.035,-0.0637,1820,-0.015,-0,1.125,-0.6,-0.0007,1.125,50.5125,65.6726,1300.125,0.0375,0.1113,2967.625,7.72,13.8757,1797.375,0.005,0.0091,1816.5,,,1.8025,3.2477,1801.75,-0.0075,-0,0.75,4.2,14.7352,3508.375,0.06,0.109,1817.125,0.0775,0.1411,1820.125,10798.8,19046.3835,1763.75,1.45,2.6361,1818,0.2075,0.3776,1819.875,0.04,0.0727,1818,-0.5,-0.9101,1820.25,692.38,1210.0206,1747.625,0.0525,0.0955,1819.875,0,0,1819.125,0.55,0.9994,1817.125,0.0225,0.0742,3298.75,0.85,3.3557,3947.875,29.665,117.0989,3947.375,116.55,460.154,3948.125,0.8325,3.2879,3949.375,10.7775,42.5523,3948.25,0.0475,0.1875,3948.25,-0.65,-2.567,3949.25,2.8425,11.224,3948.625,0.4,1.5794,3948.5,1.2,4.7388,3949,0.0875,0.3454,3946.875,0.405,1.3376,3302.625,0.3125,0.3766,1205,-0.0175,-0,0.5,-0.0375,-0,0.875
9.66,14.63,,7393.375,-0.005,,1.875,-0.005,,1.75,-0.04,,1.125,8.015,,4598.625,1.9875,,1803,8.16,,1053.5,3.95,,922.75,1.6,,507.25,-0.0175,,0,0.02,,1.375,0.03,,1819.875,0.0075,,1,-0.25,,0.875,53.0875,,1295.875,0.0575,,2968.75,7.7125,,1795.625,0.0225,,1818.625,,,2.525,,1801.75,0,,1.625,10.85,,3509.5,0.0025,,1817.25,0.0125,,1820.875,10798.9,,1763.25,2.4,,1818.375,0.1675,,1819.375,0.0275,,1819,-0.25,,1822,691.82,,1747.25,0.225,,1818.125,0.025,,1821.25,-0.35,,1818.625,-0.0175,,3286.25,0.55,,3948,29.4025,,3944.375,128.15,,3947.375,0.8725,,3946.75,10.9,,3944.875,-0.0025,,3946.375,-0.25,,3946,3.1375,,3947.625,0.2,,3947.75,0.5,,3946.125,0.06,,3947.5,0.24,,3303.75,0.34,,1205.375,0.01,,0.25,-0,,1.375
9.756,14.925,,7394.75,0.0075,,0.75,-0.02,,0.5,-0.0475,,0.5,8.045,,4597.625,2.1125,,1802.75,7.445,,1052.75,3.3,,921.875,1.65,,504.125,0.005,,1.625,0.015,,1.25,-0.0425,,1820,0.0325,,1.25,0.2,,1.125,52.22,,1295.75,0.0775,,2967.125,7.7675,,1796.875,0.005,,1817.375,,,0.7325,,1801.375,-0.0025,,2.625,5.45,,3508.625,0.0375,,1819,0.03,,1821.875,10798.15,,1764,1.95,,1819,0.16,,1818.75,0.0175,,1820.5,0.3,,1819.375,691.05,,1747.25,0.1825,,1818.75,-0.0025,,1819.375,0.55,,1818.75,0.01,,3300.375,0.95,,3949,30.995,,3945.5,118.1,,3950.625,0.87,,3948.75,10.8825,,3947.375,0.0125,,3948.75,-0.25,,3946.125,2.685,,3947.875,1.45,,3943.375,0.35,,3949,0.06,,3947.625,0.255,,3302.75,0.29,,1205.75,0.02,,0.75,0.0275,,1.625
9.852,14.8625,109.8599,7391.75,-0.01,-0,1.625,-0.03,-0,1.375,-0.0375,-0.0001,1.875,7.9725,36.6506,4597.125,1.7225,3.1033,1801.625,9.145,9.648,1055,2.35,2.1664,921.875,1.4,0.7079,505.625,0.0275,0,1,0.005,0,2.375,0.0125,0.0228,1821.25,0.015,0,0,-0.2,-0.0002,0.75,51.465,66.853,1299,0.0225,0.0668,2967.75,7.76,13.9418,1796.625,-0.0225,-0.0409,1816.5,,,0.7275,1.3109,1801.875,0.02,0,0.75,5,17.5481,3509.625,0,0,1816.375,0.02,0.0364,1819.875,10799,19039.9869,1763.125,1.9,3.4566,1819.25,0.1675,0.3045,1818.125,0.06,0.1091,1819,0.05,0.091,1819.25,691.785,1208.4619,1746.875,0.0775,0.1407,1815.75,0.0275,0.0501,1820.375,0.5,0.9087,1817.5,0.055,0.1813,3295.875,0.95,3.7523,3949.75,29.19,115.1764,3945.75,111.2,439.3373,3950.875,0.84,3.3178,3949.75,10.8275,42.7429,3947.625,0.12,0.474,3950.125,0.3,1.1849,3949.75,2.8175,11.1274,3949.375,-0.6,-2.3695,3949.125,1.05,4.1487,3951.125,0.09,0.3552,3946.75,2.115,6.9851,3302.625,0.2875,0.3473,1207.875,0.045,0.0001,2.125,0,0,1.875
9.948,12.635,93.4406,7395.375,-0.02,-0,1.375,-0.01,-0,2.125,-0.04,-0,0.75,8.105,37.2931,4601.25,1.72,3.0997,1802.125,7.3,7.7033,1055.25,3.2,2.9452,920.375,1.2,0.6084,507,-0.0275,-0.0001,1.875,-0.015,-0,2,0.0375,0.0683,1820.625,0.005,0,1,0.55,0.0005,0.875,45.29,58.8657,1299.75,0.02,0.0594,2967.625,6.9,12.4019,1797.375,0.0025,0.0045,1817,,,1.635,2.9408,1798.625,-0.0225,-0,0.75,4.85,17.0223,3509.75,-0.005,-0.0091,1817.875,0.05,0.0911,1822.375,10798.85,19042.4221,1763.375,2.05,3.7307,1819.875,0.1625,0.2956,1819.25,0.0025,0.0045,1817.5,-0.1,-0.1822,1821.5,691.485,1207.8514,1746.75,0.205,0.3733,1821.125,0.0275,0.0501,1821.625,0.25,0.4545,1817.875,-0.005,-0.0165,3296.625,0.15,0.5925,3949.75,25.2475,99.7718,3951.75,113.75,449.4262,3951,0.84,3.319,3951.25,10.8075,42.6559,3946.875,0.015,0.0593,3950.75,0,0,3950.125,3.0625,12.1064,3953.125,0.8,3.1611,3951.375,0.1,0.3952,3951.5,0.06,0.2369,3949,0.175,0.5781,3303.5,0.3625,0.4369,1205.125,-0.0325,-0,1.25,0.005,0,2.5
